2026-03-16 11:29:24,590 [main] INFO  [] [] org.testng.internal.Utils - [Utils] MethodGroupsHelper.collectMethodsByGroup() took 1 ms.
2026-03-16 11:29:24,621 [main] INFO  [] [] org.testng.internal.Utils - [Utils] MethodGroupsHelper.sortMethods() took 1 ms.
2026-03-16 11:29:24,631 [main] INFO  [] [] org.testng.internal.Utils - [Utils] MethodGroupsHelper.collectMethodsByGroup() took 0 ms.
2026-03-16 11:29:24,633 [main] INFO  [] [] org.testng.internal.Utils - [Utils] MethodGroupsHelper.sortMethods() took 0 ms.
2026-03-16 11:29:24,638 [main] INFO  [] [] org.testng.internal.Utils - [Utils] MethodGroupsHelper.collectMethodsByGroup() took 0 ms.
2026-03-16 11:29:24,641 [main] INFO  [] [] org.testng.internal.Utils - [Utils] MethodGroupsHelper.sortMethods() took 0 ms.
2026-03-16 11:29:24,648 [main] INFO  [] [] org.testng.internal.Utils - [Utils] MethodGroupsHelper.collectMethodsByGroup() took 0 ms.
2026-03-16 11:29:24,650 [main] INFO  [] [] org.testng.internal.Utils - [Utils] MethodGroupsHelper.sortMethods() took 0 ms.
2026-03-16 11:29:24,696 [main] INFO  [] [] org.testng.internal.Utils - [Utils] MethodGroupsHelper.collectMethodsByGroup() took 0 ms.
2026-03-16 11:29:24,706 [main] INFO  [] [] org.testng.internal.Utils - [Utils] MethodGroupsHelper.sortMethods() took 0 ms.
2026-03-16 11:29:24,716 [main] INFO  [] [] org.testng.internal.Utils - [Utils] MethodGroupsHelper.collectMethodsByGroup() took 0 ms.
2026-03-16 11:29:24,734 [main] INFO  [] [] org.testng.internal.Utils - [Utils] MethodGroupsHelper.sortMethods() took 0 ms.
2026-03-16 11:29:24,751 [main] INFO  [] [] org.testng.internal.Utils - [Utils] MethodGroupsHelper.collectMethodsByGroup() took 0 ms.
2026-03-16 11:29:24,763 [main] INFO  [] [] org.testng.internal.Utils - [Utils] MethodGroupsHelper.sortMethods() took 0 ms.
2026-03-16 11:29:24,771 [main] INFO  [] [] org.testng.internal.Utils - [Utils] MethodGroupsHelper.collectMethodsByGroup() took 0 ms.
2026-03-16 11:29:24,781 [main] INFO  [] [] org.testng.internal.Utils - [Utils] MethodGroupsHelper.sortMethods() took 0 ms.
2026-03-16 11:29:24,817 [main] INFO  [] [] org.testng.internal.Utils - [Utils] MethodGroupsHelper.collectMethodsByGroup() took 16 ms.
2026-03-16 11:29:24,855 [main] INFO  [] [] org.testng.internal.Utils - [Utils] MethodGroupsHelper.sortMethods() took 26 ms.
2026-03-16 11:29:24,868 [main] INFO  [] [] org.testng.internal.Utils - [Utils] MethodGroupsHelper.collectMethodsByGroup() took 0 ms.
2026-03-16 11:29:24,872 [main] INFO  [] [] org.testng.internal.Utils - [Utils] MethodGroupsHelper.sortMethods() took 0 ms.
2026-03-16 11:29:24,898 [main] INFO  [] [] org.testng.internal.Utils - [Utils] MethodGroupsHelper.collectMethodsByGroup() took 0 ms.
2026-03-16 11:29:24,900 [main] INFO  [] [] org.testng.internal.Utils - [Utils] MethodGroupsHelper.sortMethods() took 0 ms.
2026-03-16 11:29:24,901 [main] INFO  [] [] org.testng.internal.Utils - [Utils] MethodGroupsHelper.collectMethodsByGroup() took 0 ms.
2026-03-16 11:29:24,902 [main] INFO  [] [] org.testng.internal.Utils - [Utils] MethodGroupsHelper.sortMethods() took 0 ms.
2026-03-16 11:29:24,924 [main] INFO  [] [] org.testng.internal.Utils - [Utils] MethodGroupsHelper.collectMethodsByGroup() took 20 ms.
2026-03-16 11:29:24,929 [main] INFO  [] [] org.testng.internal.Utils - [Utils] MethodGroupsHelper.sortMethods() took 4 ms.
2026-03-16 11:29:24,942 [main] INFO  [] [] org.testng.internal.Utils - [Utils] MethodGroupsHelper.collectMethodsByGroup() took 0 ms.
2026-03-16 11:29:24,952 [main] INFO  [] [] org.testng.internal.Utils - [Utils] MethodGroupsHelper.sortMethods() took 1 ms.
2026-03-16 11:29:24,978 [main] INFO  [] [] org.testng.internal.Utils - [Utils] MethodGroupsHelper.collectMethodsByGroup() took 0 ms.
2026-03-16 11:29:24,988 [main] INFO  [] [] org.testng.internal.Utils - [Utils] MethodGroupsHelper.sortMethods() took 0 ms.
2026-03-16 11:29:25,024 [main] INFO  [] [] org.testng.internal.Utils - [TestNG] Running:
  C:\Users\appan\AppData\Local\Temp\testng-eclipse-400096340\testng-customsuite.xml

2026-03-16 11:29:25,522 [main] INFO  [] [] org.testng.internal.Utils - [Utils] DynamicGraphHelper.createDynamicGraph() took 10 ms.
2026-03-16 11:29:25,708 [main] WARN  [] [] framework.config.ConfigManager - Environment not initialized. So defaulting to qa
2026-03-16 11:29:25,721 [main] INFO  [] [] framework.drivers.DriverManager - Initiating the Driver.....
2026-03-16 11:29:44,449 [main] INFO  [] [] framework.drivers.DriverManager - Launching Browser. HeadlessMode: false 
2026-03-16 11:29:44,868 [main] INFO  [] [] framework.drivers.DriverManager - Browser context launched
2026-03-16 11:29:46,300 [main] INFO  [] [] framework.drivers.DriverManager - Browser Page opened.
2026-03-16 11:29:52,554 [main] INFO  [] [] framework.drivers.DriverManager - Navigated to Base URL: https://automationexercise.com/
2026-03-16 11:29:52,555 [main] INFO  [] [] test.PlaceOrderTest - Initial Setup is completed
2026-03-16 11:29:53,554 [main] INFO  [] [] test.PlaceOrderTest - ====================================================================================================
2026-03-16 11:29:53,562 [main] INFO  [] [] test.PlaceOrderTest - Start, Case:15 - Verify user can successfully register, add products, place order and delete account
2026-03-16 11:29:53,562 [main] INFO  [] [] test.PlaceOrderTest - ====================================================================================================
2026-03-16 11:29:53,649 [main] INFO  [] [] test.PlaceOrderTest - Running, Step:1 - Verify Homepage is displayed and Navigate to SignUp page
2026-03-16 11:29:55,483 [main] INFO  [] [] test.PlaceOrderTest - Running, Step: 2 - Entering Signup credentials
2026-03-16 11:29:59,684 [main] INFO  [] [] test.PlaceOrderTest - Running, Step: 3 - Enter user account details
2026-03-16 11:30:06,416 [main] INFO  [] [] pages.ae.SignupDetailPage - Checkbox: Newsletter is set to: true
2026-03-16 11:30:06,462 [main] INFO  [] [] pages.ae.SignupDetailPage - Checkbox: Special Offers is set to: false
2026-03-16 11:30:21,694 [main] INFO  [] [] test.PlaceOrderTest - Running, Step: 4 - Verify account is created
2026-03-16 11:30:23,372 [main] INFO  [] [] test.PlaceOrderTest - Running, Step: 5 - Logged in as username is visible and able to logout
2026-03-16 11:30:23,674 [main] INFO  [] [] test.PlaceOrderTest - Running, Step: 6  -Add products to cart and navigate to cart page
2026-03-16 11:30:29,548 [main] INFO  [] [] test.PlaceOrderTest - Running, Step: 7 -  Proceed to checkout, Verify address details and Review the order
2026-03-16 11:30:31,501 [main] INFO  [] [] test.PlaceOrderTest - Running, Step: 8 - Place order, complete payment and verify that payment is successful
2026-03-16 11:30:43,716 [main] INFO  [] [] test.PlaceOrderTest - Running, Step: 9 - Delete Account
2026-03-16 11:30:59,780 [main] INFO  [] [] framework.drivers.DriverManager - Closed Browser !!
2026-03-16 11:30:59,781 [main] INFO  [] [] test.PlaceOrderTest - Driver Shutdown successful !!
2026-03-16 11:31:00,837 [main] INFO  [] [] org.testng.internal.Utils - [TestNG] Time taken by org.testng.reporters.jq.Main@476ec9d0: 604 ms
2026-03-16 11:31:00,848 [main] INFO  [] [] org.testng.internal.Utils - [TestNG] Time taken by org.testng.reporters.FailedReporter@72fe8a4f: 7 ms
2026-03-16 11:31:00,868 [main] INFO  [] [] org.testng.internal.Utils - [TestNG] Time taken by org.testng.reporters.XMLReporter@49dbaaf3: 16 ms
2026-03-16 11:31:00,883 [main] INFO  [] [] org.testng.internal.Utils - [TestNG] Time taken by org.testng.reporters.EmailableReporter2@65bb9029: 15 ms
2026-03-16 11:31:00,907 [main] INFO  [] [] org.testng.internal.Utils - [TestNG] Time taken by org.testng.reporters.JUnitReportReporter@6daf2337: 17 ms
2026-03-16 11:31:00,911 [main] INFO  [] [] org.testng.internal.Utils - [TestNG] Time taken by org.testng.internal.ExitCodeListener@24fabd0f: 2 ms
2026-03-16 11:46:51,435 [main] INFO  [] [] org.testng.internal.Utils - [Utils] MethodGroupsHelper.collectMethodsByGroup() took 0 ms.
2026-03-16 11:46:51,450 [main] INFO  [] [] org.testng.internal.Utils - [Utils] MethodGroupsHelper.sortMethods() took 1 ms.
2026-03-16 11:46:51,457 [main] INFO  [] [] org.testng.internal.Utils - [Utils] MethodGroupsHelper.collectMethodsByGroup() took 0 ms.
2026-03-16 11:46:51,459 [main] INFO  [] [] org.testng.internal.Utils - [Utils] MethodGroupsHelper.sortMethods() took 0 ms.
2026-03-16 11:46:51,468 [main] INFO  [] [] org.testng.internal.Utils - [Utils] MethodGroupsHelper.collectMethodsByGroup() took 0 ms.
2026-03-16 11:46:51,469 [main] INFO  [] [] org.testng.internal.Utils - [Utils] MethodGroupsHelper.sortMethods() took 0 ms.
2026-03-16 11:46:51,477 [main] INFO  [] [] org.testng.internal.Utils - [Utils] MethodGroupsHelper.collectMethodsByGroup() took 0 ms.
2026-03-16 11:46:51,485 [main] INFO  [] [] org.testng.internal.Utils - [Utils] MethodGroupsHelper.sortMethods() took 0 ms.
2026-03-16 11:46:51,487 [main] INFO  [] [] org.testng.internal.Utils - [Utils] MethodGroupsHelper.collectMethodsByGroup() took 0 ms.
2026-03-16 11:46:51,489 [main] INFO  [] [] org.testng.internal.Utils - [Utils] MethodGroupsHelper.sortMethods() took 0 ms.
2026-03-16 11:46:51,500 [main] INFO  [] [] org.testng.internal.Utils - [Utils] MethodGroupsHelper.collectMethodsByGroup() took 0 ms.
2026-03-16 11:46:51,501 [main] INFO  [] [] org.testng.internal.Utils - [Utils] MethodGroupsHelper.sortMethods() took 0 ms.
2026-03-16 11:46:51,503 [main] INFO  [] [] org.testng.internal.Utils - [Utils] MethodGroupsHelper.collectMethodsByGroup() took 0 ms.
2026-03-16 11:46:51,506 [main] INFO  [] [] org.testng.internal.Utils - [Utils] MethodGroupsHelper.sortMethods() took 0 ms.
2026-03-16 11:46:51,510 [main] INFO  [] [] org.testng.internal.Utils - [Utils] MethodGroupsHelper.collectMethodsByGroup() took 0 ms.
2026-03-16 11:46:51,516 [main] INFO  [] [] org.testng.internal.Utils - [Utils] MethodGroupsHelper.sortMethods() took 0 ms.
2026-03-16 11:46:51,548 [main] INFO  [] [] org.testng.internal.Utils - [Utils] MethodGroupsHelper.collectMethodsByGroup() took 17 ms.
2026-03-16 11:46:51,586 [main] INFO  [] [] org.testng.internal.Utils - [Utils] MethodGroupsHelper.sortMethods() took 23 ms.
2026-03-16 11:46:51,601 [main] INFO  [] [] org.testng.internal.Utils - [Utils] MethodGroupsHelper.collectMethodsByGroup() took 1 ms.
2026-03-16 11:46:51,603 [main] INFO  [] [] org.testng.internal.Utils - [Utils] MethodGroupsHelper.sortMethods() took 1 ms.
2026-03-16 11:46:51,621 [main] INFO  [] [] org.testng.internal.Utils - [Utils] MethodGroupsHelper.collectMethodsByGroup() took 0 ms.
2026-03-16 11:46:51,623 [main] INFO  [] [] org.testng.internal.Utils - [Utils] MethodGroupsHelper.sortMethods() took 0 ms.
2026-03-16 11:46:51,623 [main] INFO  [] [] org.testng.internal.Utils - [Utils] MethodGroupsHelper.collectMethodsByGroup() took 0 ms.
2026-03-16 11:46:51,624 [main] INFO  [] [] org.testng.internal.Utils - [Utils] MethodGroupsHelper.sortMethods() took 0 ms.
2026-03-16 11:46:51,638 [main] INFO  [] [] org.testng.internal.Utils - [Utils] MethodGroupsHelper.collectMethodsByGroup() took 7 ms.
2026-03-16 11:46:51,640 [main] INFO  [] [] org.testng.internal.Utils - [Utils] MethodGroupsHelper.sortMethods() took 0 ms.
2026-03-16 11:46:51,650 [main] INFO  [] [] org.testng.internal.Utils - [Utils] MethodGroupsHelper.collectMethodsByGroup() took 0 ms.
2026-03-16 11:46:51,653 [main] INFO  [] [] org.testng.internal.Utils - [Utils] MethodGroupsHelper.sortMethods() took 0 ms.
2026-03-16 11:46:51,654 [main] INFO  [] [] org.testng.internal.Utils - [Utils] MethodGroupsHelper.collectMethodsByGroup() took 0 ms.
2026-03-16 11:46:51,654 [main] INFO  [] [] org.testng.internal.Utils - [Utils] MethodGroupsHelper.sortMethods() took 0 ms.
2026-03-16 11:46:51,720 [main] INFO  [] [] org.testng.internal.Utils - [TestNG] Running:
  C:\Users\appan\AppData\Local\Temp\testng-eclipse-1395915673\testng-customsuite.xml

2026-03-16 11:46:51,883 [main] INFO  [] [] org.testng.internal.Utils - [Utils] DynamicGraphHelper.createDynamicGraph() took 10 ms.
2026-03-16 11:46:52,025 [main] WARN  [] [] framework.config.ConfigManager - Environment not initialized. So defaulting to qa
2026-03-16 11:46:52,038 [main] INFO  [] [] framework.drivers.DriverManager - Initiating the Driver.....
2026-03-16 11:47:02,847 [main] INFO  [] [] framework.drivers.DriverManager - Launching Browser. HeadlessMode: false 
2026-03-16 11:47:02,932 [main] INFO  [] [] framework.drivers.DriverManager - Browser context launched
2026-03-16 11:47:03,969 [main] INFO  [] [] framework.drivers.DriverManager - Browser Page opened.
2026-03-16 11:47:09,092 [main] INFO  [] [] framework.drivers.DriverManager - Navigated to Base URL: https://automationexercise.com/
2026-03-16 11:47:09,093 [main] INFO  [] [] test.PlaceOrderTest - Initial Setup is completed
2026-03-16 11:47:09,490 [main] INFO  [] [] test.PlaceOrderTest - ======================================================================================================
2026-03-16 11:47:09,500 [main] INFO  [] [] test.PlaceOrderTest - Start, Case:16 - Verify user can successfully login add products, place order and delete their account
2026-03-16 11:47:09,500 [main] INFO  [] [] test.PlaceOrderTest - ======================================================================================================
2026-03-16 11:47:09,557 [main] INFO  [] [] test.PlaceOrderTest - Running, Step:1 - Verify Homepage is displayed and Navigate to Login page
2026-03-16 11:47:11,283 [main] INFO  [] [] test.PlaceOrderTest - Running, Step: 2 - Entering Signup credentials
2026-03-16 11:47:15,355 [main] INFO  [] [] test.PlaceOrderTest - Running, Step: 3 - Enter user account details
2026-03-16 11:47:21,957 [main] INFO  [] [] pages.ae.SignupDetailPage - Checkbox: Newsletter is set to: true
2026-03-16 11:47:21,996 [main] INFO  [] [] pages.ae.SignupDetailPage - Checkbox: Special Offers is set to: false
2026-03-16 11:47:37,149 [main] INFO  [] [] test.PlaceOrderTest - Running, Step: 4 - Verify account is created
2026-03-16 11:47:39,421 [main] INFO  [] [] test.PlaceOrderTest - Running, Step: 5 - verify user is able to logout and navigate to login page
2026-03-16 11:47:41,796 [main] INFO  [] [] test.PlaceOrderTest - Running, Step: 6 - verify Login to your account is visible and enter Email and Password
2026-03-16 11:47:46,252 [main] INFO  [] [] test.PlaceOrderTest - Running, Step: 7 - Logged in as username is visible
2026-03-16 11:47:46,386 [main] INFO  [] [] test.PlaceOrderTest - Running, Step: 8  -Add products to cart and navigate to cart page
2026-03-16 11:47:54,168 [main] INFO  [] [] test.PlaceOrderTest - Running, Step: 9 -  Proceed to checkout, Verify address details and Review the order
2026-03-16 11:47:56,323 [main] INFO  [] [] test.PlaceOrderTest - Running, Step: 10 - Place order, complete payment and verify that payment is successful
2026-03-16 11:48:08,482 [main] INFO  [] [] test.PlaceOrderTest - Running, Step: 11 - Delete Account
2026-03-16 11:48:25,813 [main] INFO  [] [] framework.drivers.DriverManager - Closed Browser !!
2026-03-16 11:48:25,814 [main] INFO  [] [] test.PlaceOrderTest - Driver Shutdown successful !!
2026-03-16 11:48:26,652 [main] INFO  [] [] org.testng.internal.Utils - [TestNG] Time taken by org.testng.reporters.jq.Main@27fde870: 552 ms
2026-03-16 11:48:26,655 [main] INFO  [] [] org.testng.internal.Utils - [TestNG] Time taken by org.testng.reporters.FailedReporter@4cdd2c73: 3 ms
2026-03-16 11:48:26,684 [main] INFO  [] [] org.testng.internal.Utils - [TestNG] Time taken by org.testng.reporters.XMLReporter@1d12b024: 12 ms
2026-03-16 11:48:26,695 [main] INFO  [] [] org.testng.internal.Utils - [TestNG] Time taken by org.testng.reporters.EmailableReporter2@64138b0c: 10 ms
2026-03-16 11:48:26,708 [main] INFO  [] [] org.testng.internal.Utils - [TestNG] Time taken by org.testng.reporters.JUnitReportReporter@79ab34c1: 12 ms
2026-03-16 11:48:26,713 [main] INFO  [] [] org.testng.internal.Utils - [TestNG] Time taken by org.testng.internal.ExitCodeListener@1698d7c0: 0 ms
2026-03-16 11:59:32,139 [main] INFO  [] [] org.testng.internal.Utils - [Utils] MethodGroupsHelper.collectMethodsByGroup() took 2 ms.
2026-03-16 11:59:32,153 [main] INFO  [] [] org.testng.internal.Utils - [Utils] MethodGroupsHelper.sortMethods() took 4 ms.
2026-03-16 11:59:32,157 [main] INFO  [] [] org.testng.internal.Utils - [Utils] MethodGroupsHelper.collectMethodsByGroup() took 0 ms.
2026-03-16 11:59:32,160 [main] INFO  [] [] org.testng.internal.Utils - [Utils] MethodGroupsHelper.sortMethods() took 0 ms.
2026-03-16 11:59:32,163 [main] INFO  [] [] org.testng.internal.Utils - [Utils] MethodGroupsHelper.collectMethodsByGroup() took 0 ms.
2026-03-16 11:59:32,163 [main] INFO  [] [] org.testng.internal.Utils - [Utils] MethodGroupsHelper.sortMethods() took 0 ms.
2026-03-16 11:59:32,168 [main] INFO  [] [] org.testng.internal.Utils - [Utils] MethodGroupsHelper.collectMethodsByGroup() took 0 ms.
2026-03-16 11:59:32,170 [main] INFO  [] [] org.testng.internal.Utils - [Utils] MethodGroupsHelper.sortMethods() took 0 ms.
2026-03-16 11:59:32,174 [main] INFO  [] [] org.testng.internal.Utils - [Utils] MethodGroupsHelper.collectMethodsByGroup() took 0 ms.
2026-03-16 11:59:32,175 [main] INFO  [] [] org.testng.internal.Utils - [Utils] MethodGroupsHelper.sortMethods() took 0 ms.
2026-03-16 11:59:32,179 [main] INFO  [] [] org.testng.internal.Utils - [Utils] MethodGroupsHelper.collectMethodsByGroup() took 0 ms.
2026-03-16 11:59:32,184 [main] INFO  [] [] org.testng.internal.Utils - [Utils] MethodGroupsHelper.sortMethods() took 0 ms.
2026-03-16 11:59:32,187 [main] INFO  [] [] org.testng.internal.Utils - [Utils] MethodGroupsHelper.collectMethodsByGroup() took 0 ms.
2026-03-16 11:59:32,188 [main] INFO  [] [] org.testng.internal.Utils - [Utils] MethodGroupsHelper.sortMethods() took 0 ms.
2026-03-16 11:59:32,192 [main] INFO  [] [] org.testng.internal.Utils - [Utils] MethodGroupsHelper.collectMethodsByGroup() took 0 ms.
2026-03-16 11:59:32,193 [main] INFO  [] [] org.testng.internal.Utils - [Utils] MethodGroupsHelper.sortMethods() took 0 ms.
2026-03-16 11:59:32,212 [main] INFO  [] [] org.testng.internal.Utils - [Utils] MethodGroupsHelper.collectMethodsByGroup() took 8 ms.
2026-03-16 11:59:32,256 [main] INFO  [] [] org.testng.internal.Utils - [Utils] MethodGroupsHelper.sortMethods() took 44 ms.
2026-03-16 11:59:32,261 [main] INFO  [] [] org.testng.internal.Utils - [Utils] MethodGroupsHelper.collectMethodsByGroup() took 0 ms.
2026-03-16 11:59:32,263 [main] INFO  [] [] org.testng.internal.Utils - [Utils] MethodGroupsHelper.sortMethods() took 1 ms.
2026-03-16 11:59:32,274 [main] INFO  [] [] org.testng.internal.Utils - [Utils] MethodGroupsHelper.collectMethodsByGroup() took 0 ms.
2026-03-16 11:59:32,278 [main] INFO  [] [] org.testng.internal.Utils - [Utils] MethodGroupsHelper.sortMethods() took 0 ms.
2026-03-16 11:59:32,279 [main] INFO  [] [] org.testng.internal.Utils - [Utils] MethodGroupsHelper.collectMethodsByGroup() took 0 ms.
2026-03-16 11:59:32,279 [main] INFO  [] [] org.testng.internal.Utils - [Utils] MethodGroupsHelper.sortMethods() took 0 ms.
2026-03-16 11:59:32,290 [main] INFO  [] [] org.testng.internal.Utils - [Utils] MethodGroupsHelper.collectMethodsByGroup() took 8 ms.
2026-03-16 11:59:32,293 [main] INFO  [] [] org.testng.internal.Utils - [Utils] MethodGroupsHelper.sortMethods() took 1 ms.
2026-03-16 11:59:32,297 [main] INFO  [] [] org.testng.internal.Utils - [Utils] MethodGroupsHelper.collectMethodsByGroup() took 0 ms.
2026-03-16 11:59:32,303 [main] INFO  [] [] org.testng.internal.Utils - [Utils] MethodGroupsHelper.sortMethods() took 0 ms.
2026-03-16 11:59:32,307 [main] INFO  [] [] org.testng.internal.Utils - [Utils] MethodGroupsHelper.collectMethodsByGroup() took 0 ms.
2026-03-16 11:59:32,309 [main] INFO  [] [] org.testng.internal.Utils - [Utils] MethodGroupsHelper.sortMethods() took 0 ms.
2026-03-16 11:59:32,332 [main] INFO  [] [] org.testng.internal.Utils - [TestNG] Running:
  C:\Users\appan\AppData\Local\Temp\testng-eclipse-1117241454\testng-customsuite.xml

2026-03-16 11:59:32,471 [main] INFO  [] [] org.testng.internal.Utils - [Utils] DynamicGraphHelper.createDynamicGraph() took 14 ms.
2026-03-16 11:59:32,652 [main] WARN  [] [] framework.config.ConfigManager - Environment not initialized. So defaulting to qa
2026-03-16 11:59:32,661 [main] INFO  [] [] framework.drivers.DriverManager - Initiating the Driver.....
2026-03-16 11:59:44,255 [main] INFO  [] [] framework.drivers.DriverManager - Launching Browser. HeadlessMode: false 
2026-03-16 11:59:44,950 [main] INFO  [] [] framework.drivers.DriverManager - Browser context launched
2026-03-16 11:59:45,938 [main] INFO  [] [] framework.drivers.DriverManager - Browser Page opened.
2026-03-16 11:59:51,504 [main] INFO  [] [] framework.drivers.DriverManager - Navigated to Base URL: https://automationexercise.com/
2026-03-16 11:59:51,505 [main] INFO  [] [] test.CheckOutTest - Initial Setup is completed
2026-03-16 11:59:51,961 [main] INFO  [] [] test.CheckOutTest - ==================================================================================================================
2026-03-16 11:59:51,962 [main] INFO  [] [] test.CheckOutTest - Start, Case:23 - Verify user is able to register, log in, add products, checkout, address check and delete account
2026-03-16 11:59:51,962 [main] INFO  [] [] test.CheckOutTest - ==================================================================================================================
2026-03-16 11:59:52,038 [main] INFO  [] [] test.CheckOutTest - Running, Step:1 - Verify Homepage is displayed and Navigate to SignUp page
2026-03-16 11:59:53,893 [main] INFO  [] [] test.CheckOutTest - Running, Step: 2 - Entering Signup credentials
2026-03-16 11:59:57,964 [main] INFO  [] [] test.CheckOutTest - Running, Step: 3 - Enter user account details
2026-03-16 12:00:04,698 [main] INFO  [] [] pages.ae.SignupDetailPage - Checkbox: Newsletter is set to: true
2026-03-16 12:00:04,740 [main] INFO  [] [] pages.ae.SignupDetailPage - Checkbox: Special Offers is set to: false
2026-03-16 12:00:20,589 [main] INFO  [] [] test.CheckOutTest - Running, Step: 4 - Verify account is created
2026-03-16 12:00:22,873 [main] INFO  [] [] test.CheckOutTest - Running, Step: 5 - Logged in as username is visible and able to logout
2026-03-16 12:00:22,976 [main] INFO  [] [] test.CheckOutTest - Running, Step: 6  -Add products to cart and navigate to cart page
2026-03-16 12:00:35,974 [main] INFO  [] [] framework.drivers.DriverManager - Closed Browser !!
2026-03-16 12:00:35,975 [main] INFO  [] [] test.CheckOutTest - Driver Shutdown successful !!
2026-03-16 12:00:36,591 [main] INFO  [] [] org.testng.internal.Utils - [TestNG] Time taken by org.testng.reporters.jq.Main@4482469c: 395 ms
2026-03-16 12:00:36,635 [main] INFO  [] [] org.testng.internal.Utils - [TestNG] Time taken by org.testng.reporters.FailedReporter@458544e0: 39 ms
2026-03-16 12:00:36,656 [main] INFO  [] [] org.testng.internal.Utils - [TestNG] Time taken by org.testng.reporters.XMLReporter@21f9277b: 20 ms
2026-03-16 12:00:36,682 [main] INFO  [] [] org.testng.internal.Utils - [TestNG] Time taken by org.testng.reporters.EmailableReporter2@6079cf5: 19 ms
2026-03-16 12:00:36,716 [main] INFO  [] [] org.testng.internal.Utils - [TestNG] Time taken by org.testng.reporters.JUnitReportReporter@189b5fb1: 29 ms
2026-03-16 12:00:36,720 [main] INFO  [] [] org.testng.internal.Utils - [TestNG] Time taken by org.testng.internal.ExitCodeListener@783ec989: 0 ms
2026-03-16 12:02:31,606 [main] INFO  [] [] org.testng.internal.Utils - [Utils] MethodGroupsHelper.collectMethodsByGroup() took 1 ms.
2026-03-16 12:02:31,629 [main] INFO  [] [] org.testng.internal.Utils - [Utils] MethodGroupsHelper.sortMethods() took 5 ms.
2026-03-16 12:02:31,637 [main] INFO  [] [] org.testng.internal.Utils - [Utils] MethodGroupsHelper.collectMethodsByGroup() took 0 ms.
2026-03-16 12:02:31,638 [main] INFO  [] [] org.testng.internal.Utils - [Utils] MethodGroupsHelper.sortMethods() took 0 ms.
2026-03-16 12:02:31,646 [main] INFO  [] [] org.testng.internal.Utils - [Utils] MethodGroupsHelper.collectMethodsByGroup() took 0 ms.
2026-03-16 12:02:31,651 [main] INFO  [] [] org.testng.internal.Utils - [Utils] MethodGroupsHelper.sortMethods() took 0 ms.
2026-03-16 12:02:31,657 [main] INFO  [] [] org.testng.internal.Utils - [Utils] MethodGroupsHelper.collectMethodsByGroup() took 0 ms.
2026-03-16 12:02:31,658 [main] INFO  [] [] org.testng.internal.Utils - [Utils] MethodGroupsHelper.sortMethods() took 0 ms.
2026-03-16 12:02:31,665 [main] INFO  [] [] org.testng.internal.Utils - [Utils] MethodGroupsHelper.collectMethodsByGroup() took 0 ms.
2026-03-16 12:02:31,666 [main] INFO  [] [] org.testng.internal.Utils - [Utils] MethodGroupsHelper.sortMethods() took 0 ms.
2026-03-16 12:02:31,679 [main] INFO  [] [] org.testng.internal.Utils - [Utils] MethodGroupsHelper.collectMethodsByGroup() took 0 ms.
2026-03-16 12:02:31,690 [main] INFO  [] [] org.testng.internal.Utils - [Utils] MethodGroupsHelper.sortMethods() took 0 ms.
2026-03-16 12:02:31,695 [main] INFO  [] [] org.testng.internal.Utils - [Utils] MethodGroupsHelper.collectMethodsByGroup() took 0 ms.
2026-03-16 12:02:31,701 [main] INFO  [] [] org.testng.internal.Utils - [Utils] MethodGroupsHelper.sortMethods() took 0 ms.
2026-03-16 12:02:31,706 [main] INFO  [] [] org.testng.internal.Utils - [Utils] MethodGroupsHelper.collectMethodsByGroup() took 0 ms.
2026-03-16 12:02:31,708 [main] INFO  [] [] org.testng.internal.Utils - [Utils] MethodGroupsHelper.sortMethods() took 0 ms.
2026-03-16 12:02:31,735 [main] INFO  [] [] org.testng.internal.Utils - [Utils] MethodGroupsHelper.collectMethodsByGroup() took 12 ms.
2026-03-16 12:02:31,783 [main] INFO  [] [] org.testng.internal.Utils - [Utils] MethodGroupsHelper.sortMethods() took 46 ms.
2026-03-16 12:02:31,790 [main] INFO  [] [] org.testng.internal.Utils - [Utils] MethodGroupsHelper.collectMethodsByGroup() took 0 ms.
2026-03-16 12:02:31,805 [main] INFO  [] [] org.testng.internal.Utils - [Utils] MethodGroupsHelper.sortMethods() took 2 ms.
2026-03-16 12:02:31,826 [main] INFO  [] [] org.testng.internal.Utils - [Utils] MethodGroupsHelper.collectMethodsByGroup() took 0 ms.
2026-03-16 12:02:31,835 [main] INFO  [] [] org.testng.internal.Utils - [Utils] MethodGroupsHelper.sortMethods() took 0 ms.
2026-03-16 12:02:31,838 [main] INFO  [] [] org.testng.internal.Utils - [Utils] MethodGroupsHelper.collectMethodsByGroup() took 0 ms.
2026-03-16 12:02:31,840 [main] INFO  [] [] org.testng.internal.Utils - [Utils] MethodGroupsHelper.sortMethods() took 0 ms.
2026-03-16 12:02:31,867 [main] INFO  [] [] org.testng.internal.Utils - [Utils] MethodGroupsHelper.collectMethodsByGroup() took 16 ms.
2026-03-16 12:02:31,869 [main] INFO  [] [] org.testng.internal.Utils - [Utils] MethodGroupsHelper.sortMethods() took 1 ms.
2026-03-16 12:02:31,875 [main] INFO  [] [] org.testng.internal.Utils - [Utils] MethodGroupsHelper.collectMethodsByGroup() took 0 ms.
2026-03-16 12:02:31,876 [main] INFO  [] [] org.testng.internal.Utils - [Utils] MethodGroupsHelper.sortMethods() took 0 ms.
2026-03-16 12:02:31,877 [main] INFO  [] [] org.testng.internal.Utils - [Utils] MethodGroupsHelper.collectMethodsByGroup() took 0 ms.
2026-03-16 12:02:31,878 [main] INFO  [] [] org.testng.internal.Utils - [Utils] MethodGroupsHelper.sortMethods() took 0 ms.
2026-03-16 12:02:31,912 [main] INFO  [] [] org.testng.internal.Utils - [TestNG] Running:
  C:\Users\appan\AppData\Local\Temp\testng-eclipse-340093004\testng-customsuite.xml

2026-03-16 12:02:32,141 [main] INFO  [] [] org.testng.internal.Utils - [Utils] DynamicGraphHelper.createDynamicGraph() took 15 ms.
2026-03-16 12:02:32,293 [main] WARN  [] [] framework.config.ConfigManager - Environment not initialized. So defaulting to qa
2026-03-16 12:02:32,302 [main] INFO  [] [] framework.drivers.DriverManager - Initiating the Driver.....
2026-03-16 12:02:46,553 [main] INFO  [] [] framework.drivers.DriverManager - Launching Browser. HeadlessMode: false 
2026-03-16 12:02:46,766 [main] INFO  [] [] framework.drivers.DriverManager - Browser context launched
2026-03-16 12:02:47,924 [main] INFO  [] [] framework.drivers.DriverManager - Browser Page opened.
2026-03-16 12:02:54,467 [main] INFO  [] [] framework.drivers.DriverManager - Navigated to Base URL: https://automationexercise.com/
2026-03-16 12:02:54,471 [main] INFO  [] [] test.CheckOutTest - Initial Setup is completed
2026-03-16 12:02:54,994 [main] INFO  [] [] test.CheckOutTest - ==================================================================================================================
2026-03-16 12:02:54,996 [main] INFO  [] [] test.CheckOutTest - Start, Case:23 - Verify user is able to register, log in, add products, checkout, address check and delete account
2026-03-16 12:02:54,997 [main] INFO  [] [] test.CheckOutTest - ==================================================================================================================
2026-03-16 12:02:55,056 [main] INFO  [] [] test.CheckOutTest - Running, Step:1 - Verify Homepage is displayed and Navigate to SignUp page
2026-03-16 12:02:57,326 [main] INFO  [] [] test.CheckOutTest - Running, Step: 2 - Entering Signup credentials
2026-03-16 12:03:01,318 [main] INFO  [] [] test.CheckOutTest - Running, Step: 3 - Enter user account details
2026-03-16 12:03:07,925 [main] INFO  [] [] pages.ae.SignupDetailPage - Checkbox: Newsletter is set to: true
2026-03-16 12:03:07,975 [main] INFO  [] [] pages.ae.SignupDetailPage - Checkbox: Special Offers is set to: false
2026-03-16 12:03:23,402 [main] INFO  [] [] test.CheckOutTest - Running, Step: 4 - Verify account is created
2026-03-16 12:03:25,320 [main] INFO  [] [] test.CheckOutTest - Running, Step: 5 - Logged in as username is visible and able to logout
2026-03-16 12:03:25,864 [main] INFO  [] [] test.CheckOutTest - Running, Step: 6  -Add products to cart and navigate to cart page
2026-03-16 12:03:30,819 [main] INFO  [] [] test.CheckOutTest - Running, Step: 7 -  Proceed to checkout, Verify address details and Review the order
2026-03-16 12:03:32,593 [main] INFO  [] [] test.CheckOutTest - Running, Step: 8 - Delete Account
2026-03-16 12:03:45,559 [main] INFO  [] [] framework.drivers.DriverManager - Closed Browser !!
2026-03-16 12:03:45,560 [main] INFO  [] [] test.CheckOutTest - Driver Shutdown successful !!
2026-03-16 12:03:46,021 [main] INFO  [] [] org.testng.internal.Utils - [TestNG] Time taken by org.testng.reporters.jq.Main@78c1a023: 300 ms
2026-03-16 12:03:46,023 [main] INFO  [] [] org.testng.internal.Utils - [TestNG] Time taken by org.testng.reporters.FailedReporter@476ec9d0: 1 ms
2026-03-16 12:03:46,056 [main] INFO  [] [] org.testng.internal.Utils - [TestNG] Time taken by org.testng.reporters.XMLReporter@4d74c3ba: 32 ms
2026-03-16 12:03:46,074 [main] INFO  [] [] org.testng.internal.Utils - [TestNG] Time taken by org.testng.reporters.EmailableReporter2@6093d508: 18 ms
2026-03-16 12:03:46,093 [main] INFO  [] [] org.testng.internal.Utils - [TestNG] Time taken by org.testng.reporters.JUnitReportReporter@49601f82: 18 ms
2026-03-16 12:03:46,100 [main] INFO  [] [] org.testng.internal.Utils - [TestNG] Time taken by org.testng.internal.ExitCodeListener@23e44287: 2 ms
2026-03-16 12:44:03,083 [main] INFO  [] [] org.testng.internal.Utils - [Utils] MethodGroupsHelper.collectMethodsByGroup() took 1 ms.
2026-03-16 12:44:03,096 [main] INFO  [] [] org.testng.internal.Utils - [Utils] MethodGroupsHelper.sortMethods() took 3 ms.
2026-03-16 12:44:03,101 [main] INFO  [] [] org.testng.internal.Utils - [Utils] MethodGroupsHelper.collectMethodsByGroup() took 0 ms.
2026-03-16 12:44:03,102 [main] INFO  [] [] org.testng.internal.Utils - [Utils] MethodGroupsHelper.sortMethods() took 0 ms.
2026-03-16 12:44:03,105 [main] INFO  [] [] org.testng.internal.Utils - [Utils] MethodGroupsHelper.collectMethodsByGroup() took 0 ms.
2026-03-16 12:44:03,107 [main] INFO  [] [] org.testng.internal.Utils - [Utils] MethodGroupsHelper.sortMethods() took 0 ms.
2026-03-16 12:44:03,112 [main] INFO  [] [] org.testng.internal.Utils - [Utils] MethodGroupsHelper.collectMethodsByGroup() took 0 ms.
2026-03-16 12:44:03,112 [main] INFO  [] [] org.testng.internal.Utils - [Utils] MethodGroupsHelper.sortMethods() took 0 ms.
2026-03-16 12:44:03,116 [main] INFO  [] [] org.testng.internal.Utils - [Utils] MethodGroupsHelper.collectMethodsByGroup() took 0 ms.
2026-03-16 12:44:03,117 [main] INFO  [] [] org.testng.internal.Utils - [Utils] MethodGroupsHelper.sortMethods() took 0 ms.
2026-03-16 12:44:03,121 [main] INFO  [] [] org.testng.internal.Utils - [Utils] MethodGroupsHelper.collectMethodsByGroup() took 0 ms.
2026-03-16 12:44:03,122 [main] INFO  [] [] org.testng.internal.Utils - [Utils] MethodGroupsHelper.sortMethods() took 0 ms.
2026-03-16 12:44:03,126 [main] INFO  [] [] org.testng.internal.Utils - [Utils] MethodGroupsHelper.collectMethodsByGroup() took 0 ms.
2026-03-16 12:44:03,129 [main] INFO  [] [] org.testng.internal.Utils - [Utils] MethodGroupsHelper.sortMethods() took 0 ms.
2026-03-16 12:44:03,133 [main] INFO  [] [] org.testng.internal.Utils - [Utils] MethodGroupsHelper.collectMethodsByGroup() took 0 ms.
2026-03-16 12:44:03,134 [main] INFO  [] [] org.testng.internal.Utils - [Utils] MethodGroupsHelper.sortMethods() took 0 ms.
2026-03-16 12:44:03,154 [main] INFO  [] [] org.testng.internal.Utils - [Utils] MethodGroupsHelper.collectMethodsByGroup() took 10 ms.
2026-03-16 12:44:03,192 [main] INFO  [] [] org.testng.internal.Utils - [Utils] MethodGroupsHelper.sortMethods() took 37 ms.
2026-03-16 12:44:03,199 [main] INFO  [] [] org.testng.internal.Utils - [Utils] MethodGroupsHelper.collectMethodsByGroup() took 0 ms.
2026-03-16 12:44:03,201 [main] INFO  [] [] org.testng.internal.Utils - [Utils] MethodGroupsHelper.sortMethods() took 1 ms.
2026-03-16 12:44:03,213 [main] INFO  [] [] org.testng.internal.Utils - [Utils] MethodGroupsHelper.collectMethodsByGroup() took 0 ms.
2026-03-16 12:44:03,215 [main] INFO  [] [] org.testng.internal.Utils - [Utils] MethodGroupsHelper.sortMethods() took 0 ms.
2026-03-16 12:44:03,215 [main] INFO  [] [] org.testng.internal.Utils - [Utils] MethodGroupsHelper.collectMethodsByGroup() took 0 ms.
2026-03-16 12:44:03,215 [main] INFO  [] [] org.testng.internal.Utils - [Utils] MethodGroupsHelper.sortMethods() took 0 ms.
2026-03-16 12:44:03,233 [main] INFO  [] [] org.testng.internal.Utils - [Utils] MethodGroupsHelper.collectMethodsByGroup() took 14 ms.
2026-03-16 12:44:03,237 [main] INFO  [] [] org.testng.internal.Utils - [Utils] MethodGroupsHelper.sortMethods() took 2 ms.
2026-03-16 12:44:03,242 [main] INFO  [] [] org.testng.internal.Utils - [Utils] MethodGroupsHelper.collectMethodsByGroup() took 0 ms.
2026-03-16 12:44:03,244 [main] INFO  [] [] org.testng.internal.Utils - [Utils] MethodGroupsHelper.sortMethods() took 0 ms.
2026-03-16 12:44:03,246 [main] INFO  [] [] org.testng.internal.Utils - [Utils] MethodGroupsHelper.collectMethodsByGroup() took 0 ms.
2026-03-16 12:44:03,247 [main] INFO  [] [] org.testng.internal.Utils - [Utils] MethodGroupsHelper.sortMethods() took 0 ms.
2026-03-16 12:44:03,270 [main] INFO  [] [] org.testng.internal.Utils - [TestNG] Running:
  C:\Users\appan\AppData\Local\Temp\testng-eclipse--1411312469\testng-customsuite.xml

2026-03-16 12:44:03,387 [main] INFO  [] [] org.testng.internal.Utils - [Utils] DynamicGraphHelper.createDynamicGraph() took 9 ms.
2026-03-16 12:44:03,510 [main] WARN  [] [] framework.config.ConfigManager - Environment not initialized. So defaulting to qa
2026-03-16 12:44:03,516 [main] INFO  [] [] framework.drivers.DriverManager - Initiating the Driver.....
2026-03-16 12:44:15,052 [main] INFO  [] [] framework.drivers.DriverManager - Launching Browser. HeadlessMode: false 
2026-03-16 12:44:15,284 [main] INFO  [] [] framework.drivers.DriverManager - Browser context launched
2026-03-16 12:44:16,358 [main] INFO  [] [] framework.drivers.DriverManager - Browser Page opened.
2026-03-16 12:44:21,981 [main] INFO  [] [] framework.drivers.DriverManager - Navigated to Base URL: https://automationexercise.com/
2026-03-16 12:44:21,982 [main] INFO  [] [] test.CheckOutTest - Initial Setup is completed
2026-03-16 12:44:22,423 [main] INFO  [] [] test.CheckOutTest - ===============================================================================================================================
2026-03-16 12:44:22,426 [main] INFO  [] [] test.CheckOutTest - Start, Case:24 - Verify user is able to register while checkout, place order, do payments, download invoice, and delete account
2026-03-16 12:44:22,439 [main] INFO  [] [] test.CheckOutTest - ===============================================================================================================================
2026-03-16 12:44:22,505 [main] INFO  [] [] test.CheckOutTest - Running, Step:1 - Verify Home page is displayed and add products to cart page
2026-03-16 12:44:27,614 [main] INFO  [] [] test.CheckOutTest - Running, Step:2 - Click register/login link while trying to checkout and verify navigating to signup page
2026-03-16 12:44:30,291 [main] INFO  [] [] test.CheckOutTest - Running, Step: 3 - Entering Signup credentials
2026-03-16 12:44:34,335 [main] INFO  [] [] test.CheckOutTest - Running, Step: 4 - Enter user account details
2026-03-16 12:44:41,068 [main] INFO  [] [] pages.ae.SignupDetailPage - Checkbox: Newsletter is set to: true
2026-03-16 12:44:41,121 [main] INFO  [] [] pages.ae.SignupDetailPage - Checkbox: Special Offers is set to: false
2026-03-16 12:44:56,870 [main] INFO  [] [] test.CheckOutTest - Running, Step: 5 - Verify account is created
2026-03-16 12:44:58,628 [main] INFO  [] [] test.CheckOutTest - Running, Step: 6 - Logged in as username is visible and able to logout
2026-03-16 12:44:58,851 [main] INFO  [] [] test.CheckOutTest - Running, Step: 7 - Navigate to cart page and proceed to checkout
2026-03-16 12:45:02,405 [main] INFO  [] [] test.CheckOutTest - Running, Step: 8 - Verify address details and review cart summary
2026-03-16 12:45:03,035 [main] INFO  [] [] test.CheckOutTest - Running, Step: 9 - Place order, complete payment and verify that payment is successful
2026-03-16 12:45:29,450 [main] INFO  [] [] framework.drivers.DriverManager - Closed Browser !!
2026-03-16 12:45:29,452 [main] INFO  [] [] test.CheckOutTest - Driver Shutdown successful !!
2026-03-16 12:45:29,990 [main] INFO  [] [] org.testng.internal.Utils - [TestNG] Time taken by org.testng.reporters.jq.Main@4b1abd11: 326 ms
2026-03-16 12:45:30,049 [main] INFO  [] [] org.testng.internal.Utils - [TestNG] Time taken by org.testng.reporters.FailedReporter@47b2e9e1: 57 ms
2026-03-16 12:45:30,072 [main] INFO  [] [] org.testng.internal.Utils - [TestNG] Time taken by org.testng.reporters.XMLReporter@1d782abe: 23 ms
2026-03-16 12:45:30,103 [main] INFO  [] [] org.testng.internal.Utils - [TestNG] Time taken by org.testng.reporters.EmailableReporter2@189b5fb1: 25 ms
2026-03-16 12:45:30,119 [main] INFO  [] [] org.testng.internal.Utils - [TestNG] Time taken by org.testng.reporters.JUnitReportReporter@1c025cb: 9 ms
2026-03-16 12:45:30,126 [main] INFO  [] [] org.testng.internal.Utils - [TestNG] Time taken by org.testng.internal.ExitCodeListener@50825a02: 2 ms
2026-03-16 13:21:23,779 [main] INFO  [] [] org.testng.internal.Utils - [Utils] MethodGroupsHelper.collectMethodsByGroup() took 1 ms.
2026-03-16 13:21:23,791 [main] INFO  [] [] org.testng.internal.Utils - [Utils] MethodGroupsHelper.sortMethods() took 2 ms.
2026-03-16 13:21:23,799 [main] INFO  [] [] org.testng.internal.Utils - [Utils] MethodGroupsHelper.collectMethodsByGroup() took 0 ms.
2026-03-16 13:21:23,800 [main] INFO  [] [] org.testng.internal.Utils - [Utils] MethodGroupsHelper.sortMethods() took 0 ms.
2026-03-16 13:21:23,803 [main] INFO  [] [] org.testng.internal.Utils - [Utils] MethodGroupsHelper.collectMethodsByGroup() took 0 ms.
2026-03-16 13:21:23,804 [main] INFO  [] [] org.testng.internal.Utils - [Utils] MethodGroupsHelper.sortMethods() took 0 ms.
2026-03-16 13:21:23,805 [main] INFO  [] [] org.testng.internal.Utils - [Utils] MethodGroupsHelper.collectMethodsByGroup() took 0 ms.
2026-03-16 13:21:23,805 [main] INFO  [] [] org.testng.internal.Utils - [Utils] MethodGroupsHelper.sortMethods() took 0 ms.
2026-03-16 13:21:23,810 [main] INFO  [] [] org.testng.internal.Utils - [Utils] MethodGroupsHelper.collectMethodsByGroup() took 0 ms.
2026-03-16 13:21:23,813 [main] INFO  [] [] org.testng.internal.Utils - [Utils] MethodGroupsHelper.sortMethods() took 0 ms.
2026-03-16 13:21:23,817 [main] INFO  [] [] org.testng.internal.Utils - [Utils] MethodGroupsHelper.collectMethodsByGroup() took 0 ms.
2026-03-16 13:21:23,817 [main] INFO  [] [] org.testng.internal.Utils - [Utils] MethodGroupsHelper.sortMethods() took 0 ms.
2026-03-16 13:21:23,821 [main] INFO  [] [] org.testng.internal.Utils - [Utils] MethodGroupsHelper.collectMethodsByGroup() took 0 ms.
2026-03-16 13:21:23,822 [main] INFO  [] [] org.testng.internal.Utils - [Utils] MethodGroupsHelper.sortMethods() took 0 ms.
2026-03-16 13:21:23,824 [main] INFO  [] [] org.testng.internal.Utils - [Utils] MethodGroupsHelper.collectMethodsByGroup() took 0 ms.
2026-03-16 13:21:23,830 [main] INFO  [] [] org.testng.internal.Utils - [Utils] MethodGroupsHelper.sortMethods() took 0 ms.
2026-03-16 13:21:23,859 [main] INFO  [] [] org.testng.internal.Utils - [Utils] MethodGroupsHelper.collectMethodsByGroup() took 19 ms.
2026-03-16 13:21:23,890 [main] INFO  [] [] org.testng.internal.Utils - [Utils] MethodGroupsHelper.sortMethods() took 22 ms.
2026-03-16 13:21:23,897 [main] INFO  [] [] org.testng.internal.Utils - [Utils] MethodGroupsHelper.collectMethodsByGroup() took 0 ms.
2026-03-16 13:21:23,898 [main] INFO  [] [] org.testng.internal.Utils - [Utils] MethodGroupsHelper.sortMethods() took 0 ms.
2026-03-16 13:21:23,907 [main] INFO  [] [] org.testng.internal.Utils - [Utils] MethodGroupsHelper.collectMethodsByGroup() took 0 ms.
2026-03-16 13:21:23,909 [main] INFO  [] [] org.testng.internal.Utils - [Utils] MethodGroupsHelper.sortMethods() took 0 ms.
2026-03-16 13:21:23,912 [main] INFO  [] [] org.testng.internal.Utils - [Utils] MethodGroupsHelper.collectMethodsByGroup() took 0 ms.
2026-03-16 13:21:23,913 [main] INFO  [] [] org.testng.internal.Utils - [Utils] MethodGroupsHelper.sortMethods() took 0 ms.
2026-03-16 13:21:23,934 [main] INFO  [] [] org.testng.internal.Utils - [Utils] MethodGroupsHelper.collectMethodsByGroup() took 18 ms.
2026-03-16 13:21:23,939 [main] INFO  [] [] org.testng.internal.Utils - [Utils] MethodGroupsHelper.sortMethods() took 2 ms.
2026-03-16 13:21:23,946 [main] INFO  [] [] org.testng.internal.Utils - [Utils] MethodGroupsHelper.collectMethodsByGroup() took 0 ms.
2026-03-16 13:21:23,947 [main] INFO  [] [] org.testng.internal.Utils - [Utils] MethodGroupsHelper.sortMethods() took 1 ms.
2026-03-16 13:21:23,948 [main] INFO  [] [] org.testng.internal.Utils - [Utils] MethodGroupsHelper.collectMethodsByGroup() took 0 ms.
2026-03-16 13:21:23,948 [main] INFO  [] [] org.testng.internal.Utils - [Utils] MethodGroupsHelper.sortMethods() took 0 ms.
2026-03-16 13:21:24,193 [main] INFO  [] [] org.testng.internal.Utils - [TestNG] Running:
  C:\Users\appan\AppData\Local\Temp\testng-eclipse--633177291\testng-customsuite.xml

2026-03-16 13:21:24,742 [main] INFO  [] [] org.testng.internal.Utils - [Utils] DynamicGraphHelper.createDynamicGraph() took 6 ms.
2026-03-16 13:21:24,835 [main] WARN  [] [] framework.config.ConfigManager - Environment not initialized. So defaulting to qa
2026-03-16 13:21:24,836 [main] INFO  [] [] framework.drivers.DriverManager - Initiating the Driver.....
2026-03-16 13:21:37,282 [main] INFO  [] [] framework.drivers.DriverManager - Launching Browser. HeadlessMode: false 
2026-03-16 13:21:37,551 [main] INFO  [] [] framework.drivers.DriverManager - Browser context launched
2026-03-16 13:21:38,830 [main] INFO  [] [] framework.drivers.DriverManager - Browser Page opened.
2026-03-16 13:21:44,773 [main] INFO  [] [] framework.drivers.DriverManager - Navigated to Base URL: https://automationexercise.com/
2026-03-16 13:21:44,775 [main] INFO  [] [] test.CheckOutTest - Initial Setup is completed
2026-03-16 13:21:45,408 [main] INFO  [] [] test.CheckOutTest - ===============================================================================================================================
2026-03-16 13:21:45,415 [main] INFO  [] [] test.CheckOutTest - Start, Case:24 - Verify user is able to register while checkout, place order, do payments, download invoice, and delete account
2026-03-16 13:21:45,417 [main] INFO  [] [] test.CheckOutTest - ===============================================================================================================================
2026-03-16 13:21:45,489 [main] INFO  [] [] test.CheckOutTest - Running, Step:1 - Verify Home page is displayed and add products to cart page
2026-03-16 13:21:50,917 [main] INFO  [] [] test.CheckOutTest - Running, Step:2 - Click register/login link while trying to checkout and verify navigating to signup page
2026-03-16 13:21:53,916 [main] INFO  [] [] test.CheckOutTest - Running, Step: 3 - Entering Signup credentials
2026-03-16 13:21:58,096 [main] INFO  [] [] test.CheckOutTest - Running, Step: 4 - Enter user account details
2026-03-16 13:22:04,845 [main] INFO  [] [] pages.ae.SignupDetailPage - Checkbox: Newsletter is set to: true
2026-03-16 13:22:04,939 [main] INFO  [] [] pages.ae.SignupDetailPage - Checkbox: Special Offers is set to: false
2026-03-16 13:22:20,629 [main] INFO  [] [] test.CheckOutTest - Running, Step: 5 - Verify account is created
2026-03-16 13:22:22,499 [main] INFO  [] [] test.CheckOutTest - Running, Step: 6 - Logged in as username is visible and able to logout
2026-03-16 13:22:22,687 [main] INFO  [] [] test.CheckOutTest - Running, Step: 7 - Navigate to cart page and proceed to checkout
2026-03-16 13:22:26,421 [main] INFO  [] [] test.CheckOutTest - Running, Step: 8 - Verify address details and review cart summary
2026-03-16 13:22:27,197 [main] INFO  [] [] test.CheckOutTest - Running, Step: 9 - Place order, complete payment and verify that payment is successful
2026-03-16 13:22:55,902 [main] INFO  [] [] framework.drivers.DriverManager - Closed Browser !!
2026-03-16 13:22:55,903 [main] INFO  [] [] test.CheckOutTest - Driver Shutdown successful !!
2026-03-16 13:22:56,423 [main] INFO  [] [] org.testng.internal.Utils - [TestNG] Time taken by org.testng.reporters.jq.Main@34cf5a97: 362 ms
2026-03-16 13:22:56,470 [main] INFO  [] [] org.testng.internal.Utils - [TestNG] Time taken by org.testng.reporters.FailedReporter@2d66530f: 46 ms
2026-03-16 13:22:56,518 [main] INFO  [] [] org.testng.internal.Utils - [TestNG] Time taken by org.testng.reporters.XMLReporter@5d58c727: 47 ms
2026-03-16 13:22:56,552 [main] INFO  [] [] org.testng.internal.Utils - [TestNG] Time taken by org.testng.reporters.EmailableReporter2@30cecdca: 34 ms
2026-03-16 13:22:56,582 [main] INFO  [] [] org.testng.internal.Utils - [TestNG] Time taken by org.testng.reporters.JUnitReportReporter@1ddd3478: 25 ms
2026-03-16 13:22:56,583 [main] INFO  [] [] org.testng.internal.Utils - [TestNG] Time taken by org.testng.internal.ExitCodeListener@f973499: 0 ms
2026-03-16 14:22:45,672 [main] INFO  [] [] org.testng.internal.Utils - [Utils] MethodGroupsHelper.collectMethodsByGroup() took 1 ms.
2026-03-16 14:22:45,687 [main] INFO  [] [] org.testng.internal.Utils - [Utils] MethodGroupsHelper.sortMethods() took 3 ms.
2026-03-16 14:22:45,695 [main] INFO  [] [] org.testng.internal.Utils - [Utils] MethodGroupsHelper.collectMethodsByGroup() took 0 ms.
2026-03-16 14:22:45,696 [main] INFO  [] [] org.testng.internal.Utils - [Utils] MethodGroupsHelper.sortMethods() took 0 ms.
2026-03-16 14:22:45,703 [main] INFO  [] [] org.testng.internal.Utils - [Utils] MethodGroupsHelper.collectMethodsByGroup() took 0 ms.
2026-03-16 14:22:45,704 [main] INFO  [] [] org.testng.internal.Utils - [Utils] MethodGroupsHelper.sortMethods() took 0 ms.
2026-03-16 14:22:45,712 [main] INFO  [] [] org.testng.internal.Utils - [Utils] MethodGroupsHelper.collectMethodsByGroup() took 0 ms.
2026-03-16 14:22:45,713 [main] INFO  [] [] org.testng.internal.Utils - [Utils] MethodGroupsHelper.sortMethods() took 0 ms.
2026-03-16 14:22:45,720 [main] INFO  [] [] org.testng.internal.Utils - [Utils] MethodGroupsHelper.collectMethodsByGroup() took 0 ms.
2026-03-16 14:22:45,724 [main] INFO  [] [] org.testng.internal.Utils - [Utils] MethodGroupsHelper.sortMethods() took 0 ms.
2026-03-16 14:22:45,728 [main] INFO  [] [] org.testng.internal.Utils - [Utils] MethodGroupsHelper.collectMethodsByGroup() took 0 ms.
2026-03-16 14:22:45,729 [main] INFO  [] [] org.testng.internal.Utils - [Utils] MethodGroupsHelper.sortMethods() took 0 ms.
2026-03-16 14:22:45,733 [main] INFO  [] [] org.testng.internal.Utils - [Utils] MethodGroupsHelper.collectMethodsByGroup() took 0 ms.
2026-03-16 14:22:45,737 [main] INFO  [] [] org.testng.internal.Utils - [Utils] MethodGroupsHelper.sortMethods() took 0 ms.
2026-03-16 14:22:45,742 [main] INFO  [] [] org.testng.internal.Utils - [Utils] MethodGroupsHelper.collectMethodsByGroup() took 0 ms.
2026-03-16 14:22:45,742 [main] INFO  [] [] org.testng.internal.Utils - [Utils] MethodGroupsHelper.sortMethods() took 0 ms.
2026-03-16 14:22:45,766 [main] INFO  [] [] org.testng.internal.Utils - [Utils] MethodGroupsHelper.collectMethodsByGroup() took 7 ms.
2026-03-16 14:22:45,814 [main] INFO  [] [] org.testng.internal.Utils - [Utils] MethodGroupsHelper.sortMethods() took 45 ms.
2026-03-16 14:22:45,819 [main] INFO  [] [] org.testng.internal.Utils - [Utils] MethodGroupsHelper.collectMethodsByGroup() took 0 ms.
2026-03-16 14:22:45,822 [main] INFO  [] [] org.testng.internal.Utils - [Utils] MethodGroupsHelper.sortMethods() took 3 ms.
2026-03-16 14:22:45,837 [main] INFO  [] [] org.testng.internal.Utils - [Utils] MethodGroupsHelper.collectMethodsByGroup() took 0 ms.
2026-03-16 14:22:45,842 [main] INFO  [] [] org.testng.internal.Utils - [Utils] MethodGroupsHelper.sortMethods() took 0 ms.
2026-03-16 14:22:45,842 [main] INFO  [] [] org.testng.internal.Utils - [Utils] MethodGroupsHelper.collectMethodsByGroup() took 0 ms.
2026-03-16 14:22:45,842 [main] INFO  [] [] org.testng.internal.Utils - [Utils] MethodGroupsHelper.sortMethods() took 0 ms.
2026-03-16 14:22:45,854 [main] INFO  [] [] org.testng.internal.Utils - [Utils] MethodGroupsHelper.collectMethodsByGroup() took 9 ms.
2026-03-16 14:22:45,861 [main] INFO  [] [] org.testng.internal.Utils - [Utils] MethodGroupsHelper.sortMethods() took 4 ms.
2026-03-16 14:22:45,867 [main] INFO  [] [] org.testng.internal.Utils - [Utils] MethodGroupsHelper.collectMethodsByGroup() took 0 ms.
2026-03-16 14:22:45,868 [main] INFO  [] [] org.testng.internal.Utils - [Utils] MethodGroupsHelper.sortMethods() took 0 ms.
2026-03-16 14:22:45,869 [main] INFO  [] [] org.testng.internal.Utils - [Utils] MethodGroupsHelper.collectMethodsByGroup() took 0 ms.
2026-03-16 14:22:45,869 [main] INFO  [] [] org.testng.internal.Utils - [Utils] MethodGroupsHelper.sortMethods() took 0 ms.
2026-03-16 14:22:45,922 [main] INFO  [] [] org.testng.internal.Utils - [TestNG] Running:
  C:\Users\appan\AppData\Local\Temp\testng-eclipse--1219297651\testng-customsuite.xml

2026-03-16 14:22:46,045 [main] INFO  [] [] org.testng.internal.Utils - [Utils] DynamicGraphHelper.createDynamicGraph() took 10 ms.
2026-03-16 14:22:46,226 [main] WARN  [] [] framework.config.ConfigManager - Environment not initialized. So defaulting to qa
2026-03-16 14:22:46,235 [main] INFO  [] [] framework.drivers.DriverManager - Initiating the Driver.....
2026-03-16 14:22:57,754 [main] INFO  [] [] framework.drivers.DriverManager - Launching Browser. HeadlessMode: false 
2026-03-16 14:22:58,129 [main] INFO  [] [] framework.drivers.DriverManager - Browser context launched
2026-03-16 14:22:59,239 [main] INFO  [] [] framework.drivers.DriverManager - Browser Page opened.
2026-03-16 14:23:04,452 [main] INFO  [] [] framework.drivers.DriverManager - Navigated to Base URL: https://automationexercise.com/
2026-03-16 14:23:04,452 [main] INFO  [] [] test.CheckOutTest - Initial Setup is completed
2026-03-16 14:23:04,782 [main] INFO  [] [] test.CheckOutTest - ===============================================================================================================================
2026-03-16 14:23:04,783 [main] INFO  [] [] test.CheckOutTest - Start, Case:24 - Verify user is able to register while checkout, place order, do payments, download invoice, and delete account
2026-03-16 14:23:04,783 [main] INFO  [] [] test.CheckOutTest - ===============================================================================================================================
2026-03-16 14:23:04,843 [main] INFO  [] [] test.CheckOutTest - Running, Step:1 - Verify Home page is displayed and add products to cart page
2026-03-16 14:23:09,887 [main] INFO  [] [] test.CheckOutTest - Running, Step:2 - Click register/login link while trying to checkout and verify navigating to signup page
2026-03-16 14:23:12,565 [main] INFO  [] [] test.CheckOutTest - Running, Step: 3 - Entering Signup credentials
2026-03-16 14:23:16,446 [main] INFO  [] [] test.CheckOutTest - Running, Step: 4 - Enter user account details
2026-03-16 14:23:23,062 [main] INFO  [] [] pages.ae.SignupDetailPage - Checkbox: Newsletter is set to: true
2026-03-16 14:23:23,099 [main] INFO  [] [] pages.ae.SignupDetailPage - Checkbox: Special Offers is set to: false
2026-03-16 14:23:38,750 [main] INFO  [] [] test.CheckOutTest - Running, Step: 5 - Verify account is created
2026-03-16 14:23:40,433 [main] INFO  [] [] test.CheckOutTest - Running, Step: 6 - Logged in as username is visible and able to logout
2026-03-16 14:23:40,569 [main] INFO  [] [] test.CheckOutTest - Running, Step: 7 - Navigate to cart page and proceed to checkout
2026-03-16 14:23:44,838 [main] INFO  [] [] test.CheckOutTest - Running, Step: 8 - Verify address details and review cart summary
2026-03-16 14:23:45,545 [main] INFO  [] [] test.CheckOutTest - Running, Step: 9 - Place order, complete payment and verify that payment is successful
2026-03-16 14:24:16,402 [main] INFO  [] [] framework.drivers.DriverManager - Closed Browser !!
2026-03-16 14:24:16,402 [main] INFO  [] [] test.CheckOutTest - Driver Shutdown successful !!
2026-03-16 14:24:16,885 [main] INFO  [] [] org.testng.internal.Utils - [TestNG] Time taken by org.testng.reporters.jq.Main@278f8425: 322 ms
2026-03-16 14:24:16,939 [main] INFO  [] [] org.testng.internal.Utils - [TestNG] Time taken by org.testng.reporters.FailedReporter@4690f583: 54 ms
2026-03-16 14:24:17,016 [main] INFO  [] [] org.testng.internal.Utils - [TestNG] Time taken by org.testng.reporters.XMLReporter@4f20a5e0: 74 ms
2026-03-16 14:24:17,044 [main] INFO  [] [] org.testng.internal.Utils - [TestNG] Time taken by org.testng.reporters.EmailableReporter2@5226e402: 27 ms
2026-03-16 14:24:17,060 [main] INFO  [] [] org.testng.internal.Utils - [TestNG] Time taken by org.testng.reporters.JUnitReportReporter@43cf6ea3: 14 ms
2026-03-16 14:24:17,063 [main] INFO  [] [] org.testng.internal.Utils - [TestNG] Time taken by org.testng.internal.ExitCodeListener@37c5fc56: 2 ms
2026-03-16 14:31:16,025 [main] INFO  [] [] org.testng.internal.Utils - [Utils] MethodGroupsHelper.collectMethodsByGroup() took 0 ms.
2026-03-16 14:31:16,036 [main] INFO  [] [] org.testng.internal.Utils - [Utils] MethodGroupsHelper.sortMethods() took 1 ms.
2026-03-16 14:31:16,043 [main] INFO  [] [] org.testng.internal.Utils - [Utils] MethodGroupsHelper.collectMethodsByGroup() took 0 ms.
2026-03-16 14:31:16,044 [main] INFO  [] [] org.testng.internal.Utils - [Utils] MethodGroupsHelper.sortMethods() took 0 ms.
2026-03-16 14:31:16,047 [main] INFO  [] [] org.testng.internal.Utils - [Utils] MethodGroupsHelper.collectMethodsByGroup() took 0 ms.
2026-03-16 14:31:16,051 [main] INFO  [] [] org.testng.internal.Utils - [Utils] MethodGroupsHelper.sortMethods() took 0 ms.
2026-03-16 14:31:16,056 [main] INFO  [] [] org.testng.internal.Utils - [Utils] MethodGroupsHelper.collectMethodsByGroup() took 0 ms.
2026-03-16 14:31:16,057 [main] INFO  [] [] org.testng.internal.Utils - [Utils] MethodGroupsHelper.sortMethods() took 0 ms.
2026-03-16 14:31:16,060 [main] INFO  [] [] org.testng.internal.Utils - [Utils] MethodGroupsHelper.collectMethodsByGroup() took 0 ms.
2026-03-16 14:31:16,063 [main] INFO  [] [] org.testng.internal.Utils - [Utils] MethodGroupsHelper.sortMethods() took 0 ms.
2026-03-16 14:31:16,068 [main] INFO  [] [] org.testng.internal.Utils - [Utils] MethodGroupsHelper.collectMethodsByGroup() took 0 ms.
2026-03-16 14:31:16,069 [main] INFO  [] [] org.testng.internal.Utils - [Utils] MethodGroupsHelper.sortMethods() took 0 ms.
2026-03-16 14:31:16,073 [main] INFO  [] [] org.testng.internal.Utils - [Utils] MethodGroupsHelper.collectMethodsByGroup() took 0 ms.
2026-03-16 14:31:16,077 [main] INFO  [] [] org.testng.internal.Utils - [Utils] MethodGroupsHelper.sortMethods() took 0 ms.
2026-03-16 14:31:16,079 [main] INFO  [] [] org.testng.internal.Utils - [Utils] MethodGroupsHelper.collectMethodsByGroup() took 0 ms.
2026-03-16 14:31:16,080 [main] INFO  [] [] org.testng.internal.Utils - [Utils] MethodGroupsHelper.sortMethods() took 0 ms.
2026-03-16 14:31:16,107 [main] INFO  [] [] org.testng.internal.Utils - [Utils] MethodGroupsHelper.collectMethodsByGroup() took 10 ms.
2026-03-16 14:31:16,143 [main] INFO  [] [] org.testng.internal.Utils - [Utils] MethodGroupsHelper.sortMethods() took 27 ms.
2026-03-16 14:31:16,148 [main] INFO  [] [] org.testng.internal.Utils - [Utils] MethodGroupsHelper.collectMethodsByGroup() took 0 ms.
2026-03-16 14:31:16,153 [main] INFO  [] [] org.testng.internal.Utils - [Utils] MethodGroupsHelper.sortMethods() took 1 ms.
2026-03-16 14:31:16,162 [main] INFO  [] [] org.testng.internal.Utils - [Utils] MethodGroupsHelper.collectMethodsByGroup() took 0 ms.
2026-03-16 14:31:16,163 [main] INFO  [] [] org.testng.internal.Utils - [Utils] MethodGroupsHelper.sortMethods() took 0 ms.
2026-03-16 14:31:16,164 [main] INFO  [] [] org.testng.internal.Utils - [Utils] MethodGroupsHelper.collectMethodsByGroup() took 0 ms.
2026-03-16 14:31:16,165 [main] INFO  [] [] org.testng.internal.Utils - [Utils] MethodGroupsHelper.sortMethods() took 0 ms.
2026-03-16 14:31:16,187 [main] INFO  [] [] org.testng.internal.Utils - [Utils] MethodGroupsHelper.collectMethodsByGroup() took 15 ms.
2026-03-16 14:31:16,191 [main] INFO  [] [] org.testng.internal.Utils - [Utils] MethodGroupsHelper.sortMethods() took 4 ms.
2026-03-16 14:31:16,196 [main] INFO  [] [] org.testng.internal.Utils - [Utils] MethodGroupsHelper.collectMethodsByGroup() took 0 ms.
2026-03-16 14:31:16,197 [main] INFO  [] [] org.testng.internal.Utils - [Utils] MethodGroupsHelper.sortMethods() took 0 ms.
2026-03-16 14:31:16,201 [main] INFO  [] [] org.testng.internal.Utils - [Utils] MethodGroupsHelper.collectMethodsByGroup() took 0 ms.
2026-03-16 14:31:16,201 [main] INFO  [] [] org.testng.internal.Utils - [Utils] MethodGroupsHelper.sortMethods() took 0 ms.
2026-03-16 14:31:16,234 [main] INFO  [] [] org.testng.internal.Utils - [TestNG] Running:
  C:\Users\appan\AppData\Local\Temp\testng-eclipse-1826882508\testng-customsuite.xml

2026-03-16 14:31:16,343 [main] INFO  [] [] org.testng.internal.Utils - [Utils] DynamicGraphHelper.createDynamicGraph() took 13 ms.
2026-03-16 14:31:16,493 [main] WARN  [] [] framework.config.ConfigManager - Environment not initialized. So defaulting to qa
2026-03-16 14:31:16,501 [main] INFO  [] [] framework.drivers.DriverManager - Initiating the Driver.....
2026-03-16 14:31:27,384 [main] INFO  [] [] framework.drivers.DriverManager - Launching Browser. HeadlessMode: false 
2026-03-16 14:31:27,755 [main] INFO  [] [] framework.drivers.DriverManager - Browser context launched
2026-03-16 14:31:28,776 [main] INFO  [] [] framework.drivers.DriverManager - Browser Page opened.
2026-03-16 14:31:33,451 [main] INFO  [] [] framework.drivers.DriverManager - Navigated to Base URL: https://automationexercise.com/
2026-03-16 14:31:33,451 [main] INFO  [] [] test.CheckOutTest - Initial Setup is completed
2026-03-16 14:31:33,805 [main] INFO  [] [] test.CheckOutTest - ===============================================================================================================================
2026-03-16 14:31:33,806 [main] INFO  [] [] test.CheckOutTest - Start, Case:24 - Verify user is able to register while checkout, place order, do payments, download invoice, and delete account
2026-03-16 14:31:33,807 [main] INFO  [] [] test.CheckOutTest - ===============================================================================================================================
2026-03-16 14:31:33,893 [main] INFO  [] [] test.CheckOutTest - Running, Step:1 - Verify Home page is displayed and add products to cart page
2026-03-16 14:31:38,796 [main] INFO  [] [] test.CheckOutTest - Running, Step:2 - Click register/login link while trying to checkout and verify navigating to signup page
2026-03-16 14:31:41,565 [main] INFO  [] [] test.CheckOutTest - Running, Step: 3 - Entering Signup credentials
2026-03-16 14:31:45,552 [main] INFO  [] [] test.CheckOutTest - Running, Step: 4 - Enter user account details
2026-03-16 14:31:52,233 [main] INFO  [] [] pages.ae.SignupDetailPage - Checkbox: Newsletter is set to: true
2026-03-16 14:31:52,275 [main] INFO  [] [] pages.ae.SignupDetailPage - Checkbox: Special Offers is set to: false
2026-03-16 14:32:07,519 [main] INFO  [] [] test.CheckOutTest - Running, Step: 5 - Verify account is created
2026-03-16 14:32:09,692 [main] INFO  [] [] test.CheckOutTest - Running, Step: 6 - Logged in as username is visible and able to logout
2026-03-16 14:32:09,822 [main] INFO  [] [] test.CheckOutTest - Running, Step: 7 - Navigate to cart page and proceed to checkout
2026-03-16 14:32:13,638 [main] INFO  [] [] test.CheckOutTest - Running, Step: 8 - Verify address details and review cart summary
2026-03-16 14:32:14,300 [main] INFO  [] [] test.CheckOutTest - Running, Step: 9 - Place order, complete payment and verify that payment is successful
2026-03-16 14:32:38,201 [main] INFO  [] [] framework.drivers.DriverManager - Closed Browser !!
2026-03-16 14:32:38,203 [main] INFO  [] [] test.CheckOutTest - Driver Shutdown successful !!
2026-03-16 14:32:38,776 [main] INFO  [] [] org.testng.internal.Utils - [TestNG] Time taken by org.testng.reporters.jq.Main@22d9c961: 423 ms
2026-03-16 14:32:38,811 [main] INFO  [] [] org.testng.internal.Utils - [TestNG] Time taken by org.testng.reporters.FailedReporter@5bcde458: 35 ms
2026-03-16 14:32:38,853 [main] INFO  [] [] org.testng.internal.Utils - [TestNG] Time taken by org.testng.reporters.XMLReporter@6e1f8469: 40 ms
2026-03-16 14:32:38,869 [main] INFO  [] [] org.testng.internal.Utils - [TestNG] Time taken by org.testng.reporters.EmailableReporter2@5f13be1: 15 ms
2026-03-16 14:32:38,888 [main] INFO  [] [] org.testng.internal.Utils - [TestNG] Time taken by org.testng.reporters.JUnitReportReporter@26ae880a: 12 ms
2026-03-16 14:32:38,889 [main] INFO  [] [] org.testng.internal.Utils - [TestNG] Time taken by org.testng.internal.ExitCodeListener@260f2144: 0 ms
2026-03-16 14:41:31,999 [main] INFO  [] [] org.testng.internal.Utils - [Utils] MethodGroupsHelper.collectMethodsByGroup() took 1 ms.
2026-03-16 14:41:32,013 [main] INFO  [] [] org.testng.internal.Utils - [Utils] MethodGroupsHelper.sortMethods() took 1 ms.
2026-03-16 14:41:32,019 [main] INFO  [] [] org.testng.internal.Utils - [Utils] MethodGroupsHelper.collectMethodsByGroup() took 0 ms.
2026-03-16 14:41:32,020 [main] INFO  [] [] org.testng.internal.Utils - [Utils] MethodGroupsHelper.sortMethods() took 0 ms.
2026-03-16 14:41:32,026 [main] INFO  [] [] org.testng.internal.Utils - [Utils] MethodGroupsHelper.collectMethodsByGroup() took 0 ms.
2026-03-16 14:41:32,027 [main] INFO  [] [] org.testng.internal.Utils - [Utils] MethodGroupsHelper.sortMethods() took 0 ms.
2026-03-16 14:41:32,029 [main] INFO  [] [] org.testng.internal.Utils - [Utils] MethodGroupsHelper.collectMethodsByGroup() took 0 ms.
2026-03-16 14:41:32,029 [main] INFO  [] [] org.testng.internal.Utils - [Utils] MethodGroupsHelper.sortMethods() took 0 ms.
2026-03-16 14:41:32,033 [main] INFO  [] [] org.testng.internal.Utils - [Utils] MethodGroupsHelper.collectMethodsByGroup() took 0 ms.
2026-03-16 14:41:32,034 [main] INFO  [] [] org.testng.internal.Utils - [Utils] MethodGroupsHelper.sortMethods() took 0 ms.
2026-03-16 14:41:32,039 [main] INFO  [] [] org.testng.internal.Utils - [Utils] MethodGroupsHelper.collectMethodsByGroup() took 0 ms.
2026-03-16 14:41:32,043 [main] INFO  [] [] org.testng.internal.Utils - [Utils] MethodGroupsHelper.sortMethods() took 0 ms.
2026-03-16 14:41:32,047 [main] INFO  [] [] org.testng.internal.Utils - [Utils] MethodGroupsHelper.collectMethodsByGroup() took 0 ms.
2026-03-16 14:41:32,048 [main] INFO  [] [] org.testng.internal.Utils - [Utils] MethodGroupsHelper.sortMethods() took 0 ms.
2026-03-16 14:41:32,052 [main] INFO  [] [] org.testng.internal.Utils - [Utils] MethodGroupsHelper.collectMethodsByGroup() took 0 ms.
2026-03-16 14:41:32,053 [main] INFO  [] [] org.testng.internal.Utils - [Utils] MethodGroupsHelper.sortMethods() took 0 ms.
2026-03-16 14:41:32,082 [main] INFO  [] [] org.testng.internal.Utils - [Utils] MethodGroupsHelper.collectMethodsByGroup() took 11 ms.
2026-03-16 14:41:32,119 [main] INFO  [] [] org.testng.internal.Utils - [Utils] MethodGroupsHelper.sortMethods() took 25 ms.
2026-03-16 14:41:32,131 [main] INFO  [] [] org.testng.internal.Utils - [Utils] MethodGroupsHelper.collectMethodsByGroup() took 0 ms.
2026-03-16 14:41:32,133 [main] INFO  [] [] org.testng.internal.Utils - [Utils] MethodGroupsHelper.sortMethods() took 0 ms.
2026-03-16 14:41:32,143 [main] INFO  [] [] org.testng.internal.Utils - [Utils] MethodGroupsHelper.collectMethodsByGroup() took 0 ms.
2026-03-16 14:41:32,145 [main] INFO  [] [] org.testng.internal.Utils - [Utils] MethodGroupsHelper.sortMethods() took 0 ms.
2026-03-16 14:41:32,145 [main] INFO  [] [] org.testng.internal.Utils - [Utils] MethodGroupsHelper.collectMethodsByGroup() took 0 ms.
2026-03-16 14:41:32,145 [main] INFO  [] [] org.testng.internal.Utils - [Utils] MethodGroupsHelper.sortMethods() took 0 ms.
2026-03-16 14:41:32,160 [main] INFO  [] [] org.testng.internal.Utils - [Utils] MethodGroupsHelper.collectMethodsByGroup() took 11 ms.
2026-03-16 14:41:32,164 [main] INFO  [] [] org.testng.internal.Utils - [Utils] MethodGroupsHelper.sortMethods() took 2 ms.
2026-03-16 14:41:32,170 [main] INFO  [] [] org.testng.internal.Utils - [Utils] MethodGroupsHelper.collectMethodsByGroup() took 0 ms.
2026-03-16 14:41:32,171 [main] INFO  [] [] org.testng.internal.Utils - [Utils] MethodGroupsHelper.sortMethods() took 0 ms.
2026-03-16 14:41:32,172 [main] INFO  [] [] org.testng.internal.Utils - [Utils] MethodGroupsHelper.collectMethodsByGroup() took 0 ms.
2026-03-16 14:41:32,175 [main] INFO  [] [] org.testng.internal.Utils - [Utils] MethodGroupsHelper.sortMethods() took 0 ms.
2026-03-16 14:41:32,209 [main] INFO  [] [] org.testng.internal.Utils - [TestNG] Running:
  C:\Users\appan\AppData\Local\Temp\testng-eclipse--1861214823\testng-customsuite.xml

2026-03-16 14:41:32,315 [main] INFO  [] [] org.testng.internal.Utils - [Utils] DynamicGraphHelper.createDynamicGraph() took 9 ms.
2026-03-16 14:41:32,454 [main] WARN  [] [] framework.config.ConfigManager - Environment not initialized. So defaulting to qa
2026-03-16 14:41:32,462 [main] INFO  [] [] framework.drivers.DriverManager - Initiating the Driver.....
2026-03-16 14:41:43,291 [main] INFO  [] [] framework.drivers.DriverManager - Launching Browser. HeadlessMode: false 
2026-03-16 14:41:43,460 [main] INFO  [] [] framework.drivers.DriverManager - Browser context launched
2026-03-16 14:41:44,588 [main] INFO  [] [] framework.drivers.DriverManager - Browser Page opened.
2026-03-16 14:41:50,710 [main] INFO  [] [] framework.drivers.DriverManager - Navigated to Base URL: https://automationexercise.com/
2026-03-16 14:41:50,710 [main] INFO  [] [] test.CheckOutTest - Initial Setup is completed
2026-03-16 14:41:51,846 [main] INFO  [] [] test.CheckOutTest - ===============================================================================================================================
2026-03-16 14:41:51,846 [main] INFO  [] [] test.CheckOutTest - Start, Case:24 - Verify user is able to register while checkout, place order, do payments, download invoice, and delete account
2026-03-16 14:41:51,846 [main] INFO  [] [] test.CheckOutTest - ===============================================================================================================================
2026-03-16 14:41:51,886 [main] INFO  [] [] test.CheckOutTest - Running, Step:1 - Verify Home page is displayed and add products to cart page
2026-03-16 14:41:57,398 [main] INFO  [] [] test.CheckOutTest - Running, Step:2 - Click register/login link while trying to checkout and verify navigating to signup page
2026-03-16 14:42:00,031 [main] INFO  [] [] test.CheckOutTest - Running, Step: 3 - Entering Signup credentials
2026-03-16 14:42:03,979 [main] INFO  [] [] test.CheckOutTest - Running, Step: 4 - Enter user account details
2026-03-16 14:42:10,540 [main] INFO  [] [] pages.ae.SignupDetailPage - Checkbox: Newsletter is set to: true
2026-03-16 14:42:10,577 [main] INFO  [] [] pages.ae.SignupDetailPage - Checkbox: Special Offers is set to: false
2026-03-16 14:42:25,618 [main] INFO  [] [] test.CheckOutTest - Running, Step: 5 - Verify account is created
2026-03-16 14:42:27,652 [main] INFO  [] [] test.CheckOutTest - Running, Step: 6 - Logged in as username is visible and able to logout
2026-03-16 14:42:27,797 [main] INFO  [] [] test.CheckOutTest - Running, Step: 7 - Navigate to cart page and proceed to checkout
2026-03-16 14:42:31,834 [main] INFO  [] [] test.CheckOutTest - Running, Step: 8 - Verify address details and review cart summary
2026-03-16 14:42:32,571 [main] INFO  [] [] test.CheckOutTest - Running, Step: 9 - Place order, complete payment and verify that payment is successful
2026-03-16 14:42:45,099 [main] INFO  [] [] test.CheckOutTest - Running, Step: 9 - Delete Account
2026-03-16 14:43:00,757 [main] INFO  [] [] framework.drivers.DriverManager - Closed Browser !!
2026-03-16 14:43:00,760 [main] INFO  [] [] test.CheckOutTest - Driver Shutdown successful !!
2026-03-16 14:43:01,227 [main] INFO  [] [] org.testng.internal.Utils - [TestNG] Time taken by org.testng.reporters.jq.Main@5eeedb60: 317 ms
2026-03-16 14:43:01,230 [main] INFO  [] [] org.testng.internal.Utils - [TestNG] Time taken by org.testng.reporters.FailedReporter@332f25c8: 2 ms
2026-03-16 14:43:01,248 [main] INFO  [] [] org.testng.internal.Utils - [TestNG] Time taken by org.testng.reporters.XMLReporter@30af7377: 18 ms
2026-03-16 14:43:01,268 [main] INFO  [] [] org.testng.internal.Utils - [TestNG] Time taken by org.testng.reporters.EmailableReporter2@72ed9aad: 15 ms
2026-03-16 14:43:01,287 [main] INFO  [] [] org.testng.internal.Utils - [TestNG] Time taken by org.testng.reporters.JUnitReportReporter@18a645fd: 18 ms
2026-03-16 14:43:01,287 [main] INFO  [] [] org.testng.internal.Utils - [TestNG] Time taken by org.testng.internal.ExitCodeListener@6090f3ca: 0 ms
2026-03-16 16:37:59,023 [main] INFO  [] [] framework.listeners.TestListener - ===================XXXXXXXXXXXXXXXXXXXXXXXX=================
2026-03-16 16:37:59,026 [main] INFO  [] [] framework.listeners.TestListener - Starting Suite: PW_AE_Demo
2026-03-16 16:37:59,029 [main] INFO  [] [] framework.listeners.TestListener - Execution Enviornment: qa
2026-03-16 16:37:59,029 [main] INFO  [] [] framework.listeners.TestListener - =============================================================
2026-03-16 16:37:59,432 [main] INFO  [] [] framework.drivers.DriverManager - Initiating the Driver.....
2026-03-16 16:38:12,938 [main] INFO  [] [] framework.drivers.DriverManager - Launching Browser. HeadlessMode: false 
2026-03-16 16:38:13,749 [main] INFO  [] [] framework.drivers.DriverManager - Browser context launched
2026-03-16 16:38:14,697 [main] INFO  [] [] framework.drivers.DriverManager - Browser Page opened.
2026-03-16 16:38:20,813 [main] INFO  [] [] framework.drivers.DriverManager - Navigated to Base URL: https://automationexercise.com/
2026-03-16 16:38:20,815 [main] INFO  [] [] test.SignupTest - Initial Setup is completed
2026-03-16 16:38:21,422 [main] INFO  [qa] [Test_AE01_TC01_Verify_NewUser_SignUp] framework.listeners.TestListener - ----------- Starting Test : Test_AE01_TC01_Verify_NewUser_SignUp --------------
2026-03-16 16:38:21,432 [main] INFO  [qa] [Test_AE01_TC01_Verify_NewUser_SignUp] test.SignupTest - =================================================================================
2026-03-16 16:38:21,432 [main] INFO  [qa] [Test_AE01_TC01_Verify_NewUser_SignUp] test.SignupTest - Start, Case:1 - Verify user is able to register, log in, and delete their account
2026-03-16 16:38:21,432 [main] INFO  [qa] [Test_AE01_TC01_Verify_NewUser_SignUp] test.SignupTest - =================================================================================
2026-03-16 16:38:21,499 [main] INFO  [qa] [Test_AE01_TC01_Verify_NewUser_SignUp] test.SignupTest - Running, Step:1 - Verify Homepage is displayed and Navigate to SignUp page
2026-03-16 16:38:23,622 [main] INFO  [qa] [Test_AE01_TC01_Verify_NewUser_SignUp] test.SignupTest - Running, Step: 2 - Entering Signup credentials
2026-03-16 16:38:27,786 [main] INFO  [qa] [Test_AE01_TC01_Verify_NewUser_SignUp] test.SignupTest - Running, Step: 3 - Enter user account details
2026-03-16 16:38:34,474 [main] INFO  [qa] [Test_AE01_TC01_Verify_NewUser_SignUp] pages.ae.SignupDetailPage - Checkbox: Newsletter is set to: true
2026-03-16 16:38:34,519 [main] INFO  [qa] [Test_AE01_TC01_Verify_NewUser_SignUp] pages.ae.SignupDetailPage - Checkbox: Special Offers is set to: false
2026-03-16 16:38:51,492 [main] INFO  [qa] [Test_AE01_TC01_Verify_NewUser_SignUp] test.SignupTest - Running, Step: 4 - Verify account is created
2026-03-16 16:38:53,161 [main] INFO  [qa] [Test_AE01_TC01_Verify_NewUser_SignUp] test.SignupTest - Running, Step: 5 - Logged in as username is visible and able to logout
2026-03-16 16:38:53,379 [main] INFO  [qa] [Test_AE01_TC01_Verify_NewUser_SignUp] test.SignupTest - Running, Step: 6 - Delete Account
2026-03-16 16:38:57,425 [main] INFO  [qa] [Test_AE01_TC01_Verify_NewUser_SignUp] test.SignupTest - =====================End Case: User Registration=========================
2026-03-16 16:38:57,428 [main] INFO  [qa] [Test_AE01_TC01_Verify_NewUser_SignUp] framework.listeners.TestListener - {Test Passed: Test_AE01_TC01_Verify_NewUser_SignUp
2026-03-16 16:39:06,871 [main] INFO  [] [] framework.drivers.DriverManager - Closed Browser !!
2026-03-16 16:39:06,871 [main] INFO  [] [] test.SignupTest - Driver Shutdown successful !!
2026-03-16 16:39:06,885 [main] INFO  [] [] framework.drivers.DriverManager - Initiating the Driver.....
2026-03-16 16:39:09,176 [main] INFO  [] [] framework.drivers.DriverManager - Launching Browser. HeadlessMode: false 
2026-03-16 16:39:09,279 [main] INFO  [] [] framework.drivers.DriverManager - Browser context launched
2026-03-16 16:39:10,804 [main] INFO  [] [] framework.drivers.DriverManager - Browser Page opened.
2026-03-16 16:39:17,181 [main] INFO  [] [] framework.drivers.DriverManager - Navigated to Base URL: https://automationexercise.com/
2026-03-16 16:39:17,194 [main] INFO  [] [] test.SignupTest - Initial Setup is completed
2026-03-16 16:39:17,222 [main] INFO  [qa] [Test_AE01_TC05_Signup_ExistingMail] framework.listeners.TestListener - ----------- Starting Test : Test_AE01_TC05_Signup_ExistingMail --------------
2026-03-16 16:39:17,223 [main] INFO  [qa] [Test_AE01_TC05_Signup_ExistingMail] test.SignupTest - ==================================================================================
2026-03-16 16:39:17,223 [main] INFO  [qa] [Test_AE01_TC05_Signup_ExistingMail] test.SignupTest - Start, Case:5 - verify signup using already registered mail display error message
2026-03-16 16:39:17,223 [main] INFO  [qa] [Test_AE01_TC05_Signup_ExistingMail] test.SignupTest - ==================================================================================
2026-03-16 16:39:17,227 [main] INFO  [qa] [Test_AE01_TC05_Signup_ExistingMail] test.SignupTest - Running, Step:1 - Verify Homepage is displayed and Navigate to SignUp page
2026-03-16 16:39:19,275 [main] INFO  [qa] [Test_AE01_TC05_Signup_ExistingMail] test.SignupTest - Running, Step:2 - Entering new name and already registered email for SignUp
2026-03-16 16:39:23,090 [main] INFO  [qa] [Test_AE01_TC05_Signup_ExistingMail] test.SignupTest - Running, Step:3 - Verify error message is getting displayed
2026-03-16 16:39:23,538 [main] INFO  [qa] [Test_AE01_TC05_Signup_ExistingMail] test.SignupTest - =====================End Case: Register User with existing mail====================
2026-03-16 16:39:23,547 [main] INFO  [qa] [Test_AE01_TC05_Signup_ExistingMail] framework.listeners.TestListener - {Test Passed: Test_AE01_TC05_Signup_ExistingMail
2026-03-16 16:39:26,342 [main] INFO  [] [] framework.drivers.DriverManager - Closed Browser !!
2026-03-16 16:39:26,342 [main] INFO  [] [] test.SignupTest - Driver Shutdown successful !!
2026-03-16 16:39:26,358 [main] INFO  [] [] framework.drivers.DriverManager - Initiating the Driver.....
2026-03-16 16:39:28,639 [main] INFO  [] [] framework.drivers.DriverManager - Launching Browser. HeadlessMode: false 
2026-03-16 16:39:28,675 [main] INFO  [] [] framework.drivers.DriverManager - Browser context launched
2026-03-16 16:39:29,946 [main] INFO  [] [] framework.drivers.DriverManager - Browser Page opened.
2026-03-16 16:39:35,273 [main] INFO  [] [] framework.drivers.DriverManager - Navigated to Base URL: https://automationexercise.com/
2026-03-16 16:39:35,277 [main] INFO  [] [] test.LoginTest - Initial Setup is completed
2026-03-16 16:39:35,311 [main] INFO  [qa] [Test_AE01_TC02_Verify_Login_CorrectDetails] framework.listeners.TestListener - ----------- Starting Test : Test_AE01_TC02_Verify_Login_CorrectDetails --------------
2026-03-16 16:39:35,313 [main] INFO  [qa] [Test_AE01_TC02_Verify_Login_CorrectDetails] test.LoginTest - =======================================================
2026-03-16 16:39:35,314 [main] INFO  [qa] [Test_AE01_TC02_Verify_Login_CorrectDetails] test.LoginTest - Start, Case:2 - Login with correct email and password
2026-03-16 16:39:35,314 [main] INFO  [qa] [Test_AE01_TC02_Verify_Login_CorrectDetails] test.LoginTest - =======================================================
2026-03-16 16:39:35,348 [main] INFO  [qa] [Test_AE01_TC02_Verify_Login_CorrectDetails] test.LoginTest - Running, Step:1 - Verify Homepage is displayed and Navigate to Login page
2026-03-16 16:39:37,015 [main] INFO  [qa] [Test_AE01_TC02_Verify_Login_CorrectDetails] test.LoginTest - Running, Step: 2 - Entering Signup credentials
2026-03-16 16:39:41,070 [main] INFO  [qa] [Test_AE01_TC02_Verify_Login_CorrectDetails] test.LoginTest - Running, Step: 3 - Enter user account details
2026-03-16 16:39:47,708 [main] INFO  [qa] [Test_AE01_TC02_Verify_Login_CorrectDetails] pages.ae.SignupDetailPage - Checkbox: Newsletter is set to: true
2026-03-16 16:39:47,749 [main] INFO  [qa] [Test_AE01_TC02_Verify_Login_CorrectDetails] pages.ae.SignupDetailPage - Checkbox: Special Offers is set to: false
2026-03-16 16:40:04,308 [main] INFO  [qa] [Test_AE01_TC02_Verify_Login_CorrectDetails] test.LoginTest - Running, Step: 4 - Verify account is created
2026-03-16 16:40:06,026 [main] INFO  [qa] [Test_AE01_TC02_Verify_Login_CorrectDetails] test.LoginTest - Running, Step: 5 - verify user is able to logout and navigate to login page
2026-03-16 16:40:09,100 [main] INFO  [qa] [Test_AE01_TC02_Verify_Login_CorrectDetails] test.LoginTest - Running, Step: 6 - verify Login to your account is visible and enter Email and Password
2026-03-16 16:40:14,873 [main] INFO  [qa] [Test_AE01_TC02_Verify_Login_CorrectDetails] test.LoginTest - Running, Step: 7 - Logged in as username is visible
2026-03-16 16:40:15,139 [main] INFO  [qa] [Test_AE01_TC02_Verify_Login_CorrectDetails] test.LoginTest - Running, Step:8 - Delete Account
2026-03-16 16:40:17,344 [main] INFO  [qa] [Test_AE01_TC02_Verify_Login_CorrectDetails] test.LoginTest - ==========End Case: Login user with correct details===========
2026-03-16 16:40:17,351 [main] INFO  [qa] [Test_AE01_TC02_Verify_Login_CorrectDetails] framework.listeners.TestListener - {Test Passed: Test_AE01_TC02_Verify_Login_CorrectDetails
2026-03-16 16:40:24,844 [main] INFO  [] [] framework.drivers.DriverManager - Closed Browser !!
2026-03-16 16:40:24,845 [main] INFO  [] [] test.LoginTest - Driver Shutdown successful !!
2026-03-16 16:40:24,919 [main] INFO  [] [] framework.drivers.DriverManager - Initiating the Driver.....
2026-03-16 16:40:27,208 [main] INFO  [] [] framework.drivers.DriverManager - Launching Browser. HeadlessMode: false 
2026-03-16 16:40:27,253 [main] INFO  [] [] framework.drivers.DriverManager - Browser context launched
2026-03-16 16:40:28,597 [main] INFO  [] [] framework.drivers.DriverManager - Browser Page opened.
2026-03-16 16:40:33,868 [main] INFO  [] [] framework.drivers.DriverManager - Navigated to Base URL: https://automationexercise.com/
2026-03-16 16:40:33,869 [main] INFO  [] [] test.LoginTest - Initial Setup is completed
2026-03-16 16:40:33,904 [main] INFO  [qa] [Test_AE01_TC03_Verify_Login_Incorrect_MailPwd] framework.listeners.TestListener - ----------- Starting Test : Test_AE01_TC03_Verify_Login_Incorrect_MailPwd --------------
2026-03-16 16:40:33,906 [main] INFO  [qa] [Test_AE01_TC03_Verify_Login_Incorrect_MailPwd] test.LoginTest - =====================================================================
2026-03-16 16:40:33,907 [main] INFO  [qa] [Test_AE01_TC03_Verify_Login_Incorrect_MailPwd] test.LoginTest - Start, Case:3 - Entering Incorrect Login Details(Mail and Password)
2026-03-16 16:40:33,907 [main] INFO  [qa] [Test_AE01_TC03_Verify_Login_Incorrect_MailPwd] test.LoginTest - =====================================================================
2026-03-16 16:40:33,913 [main] INFO  [qa] [Test_AE01_TC03_Verify_Login_Incorrect_MailPwd] test.LoginTest - Running, Step:1 - Verify Home page is displayed, Navigate to Login page and check 'Login into your acccount' is visible
2026-03-16 16:40:35,871 [main] INFO  [qa] [Test_AE01_TC03_Verify_Login_Incorrect_MailPwd] test.LoginTest - Running, Step:2 - Entering user credentials
2026-03-16 16:40:39,882 [main] INFO  [qa] [Test_AE01_TC03_Verify_Login_Incorrect_MailPwd] test.LoginTest - Running, Step:3 - Verify user is getting error message
2026-03-16 16:40:40,224 [main] INFO  [qa] [Test_AE01_TC03_Verify_Login_Incorrect_MailPwd] test.LoginTest - ==============End Case: Login user with incorrect details==============
2026-03-16 16:40:40,225 [main] INFO  [qa] [Test_AE01_TC03_Verify_Login_Incorrect_MailPwd] framework.listeners.TestListener - {Test Passed: Test_AE01_TC03_Verify_Login_Incorrect_MailPwd
2026-03-16 16:40:43,240 [main] INFO  [] [] framework.drivers.DriverManager - Closed Browser !!
2026-03-16 16:40:43,240 [main] INFO  [] [] test.LoginTest - Driver Shutdown successful !!
2026-03-16 16:40:43,246 [main] INFO  [] [] framework.drivers.DriverManager - Initiating the Driver.....
2026-03-16 16:40:45,473 [main] INFO  [] [] framework.drivers.DriverManager - Launching Browser. HeadlessMode: false 
2026-03-16 16:40:45,498 [main] INFO  [] [] framework.drivers.DriverManager - Browser context launched
2026-03-16 16:40:47,336 [main] INFO  [] [] framework.drivers.DriverManager - Browser Page opened.
2026-03-16 16:40:53,474 [main] INFO  [] [] framework.drivers.DriverManager - Navigated to Base URL: https://automationexercise.com/
2026-03-16 16:40:53,475 [main] INFO  [] [] test.LogoutTest - Initial Setup is completed
2026-03-16 16:40:53,525 [main] INFO  [qa] [Test_AE01_TC04_Verify_LogoutUser] framework.listeners.TestListener - ----------- Starting Test : Test_AE01_TC04_Verify_LogoutUser --------------
2026-03-16 16:40:53,527 [main] INFO  [qa] [Test_AE01_TC04_Verify_LogoutUser] test.LogoutTest - ===============================================
2026-03-16 16:40:53,527 [main] INFO  [qa] [Test_AE01_TC04_Verify_LogoutUser] test.LogoutTest - Start, Case:4 - Verify user is able to logout
2026-03-16 16:40:53,527 [main] INFO  [qa] [Test_AE01_TC04_Verify_LogoutUser] test.LogoutTest - ===============================================
2026-03-16 16:40:53,551 [main] INFO  [qa] [Test_AE01_TC04_Verify_LogoutUser] test.LogoutTest - Running, Step:1 -  Verify Home page is displayed, Navigate to Login page and check 'Login into your acccount' is visible
2026-03-16 16:40:55,513 [main] INFO  [qa] [Test_AE01_TC04_Verify_LogoutUser] test.LogoutTest - Running, Step:2 - Entering user credentials
2026-03-16 16:41:00,362 [main] INFO  [qa] [Test_AE01_TC04_Verify_LogoutUser] test.LogoutTest - Running, Step: 3 - Logged in as username is visible
2026-03-16 16:41:00,474 [main] INFO  [qa] [Test_AE01_TC04_Verify_LogoutUser] test.LogoutTest - Running, Step: 4 - verify user is able to logout and navigate to login page
2026-03-16 16:41:03,007 [main] INFO  [qa] [Test_AE01_TC04_Verify_LogoutUser] test.LogoutTest - ==================End case: Logout User================
2026-03-16 16:41:03,008 [main] INFO  [qa] [Test_AE01_TC04_Verify_LogoutUser] framework.listeners.TestListener - {Test Passed: Test_AE01_TC04_Verify_LogoutUser
2026-03-16 16:41:06,223 [main] INFO  [] [] framework.drivers.DriverManager - Closed Browser !!
2026-03-16 16:41:06,223 [main] INFO  [] [] test.LogoutTest - Driver Shutdown successful !!
2026-03-16 16:41:06,229 [main] INFO  [] [] framework.drivers.DriverManager - Initiating the Driver.....
2026-03-16 16:41:08,529 [main] INFO  [] [] framework.drivers.DriverManager - Launching Browser. HeadlessMode: false 
2026-03-16 16:41:08,585 [main] INFO  [] [] framework.drivers.DriverManager - Browser context launched
2026-03-16 16:41:09,677 [main] INFO  [] [] framework.drivers.DriverManager - Browser Page opened.
2026-03-16 16:41:15,897 [main] INFO  [] [] framework.drivers.DriverManager - Navigated to Base URL: https://automationexercise.com/
2026-03-16 16:41:15,897 [main] INFO  [] [] test.HomeTest - Initial Setup is completed
2026-03-16 16:41:15,926 [main] INFO  [qa] [Test_AE05_TC10_Verify_HomePageSubscription] framework.listeners.TestListener - ----------- Starting Test : Test_AE05_TC10_Verify_HomePageSubscription --------------
2026-03-16 16:41:15,928 [main] INFO  [qa] [Test_AE05_TC10_Verify_HomePageSubscription] test.HomeTest - ==========================================================================
2026-03-16 16:41:15,929 [main] INFO  [qa] [Test_AE05_TC10_Verify_HomePageSubscription] test.HomeTest - Start, Case:10 - Verify user can successfully subscribe from the Home page
2026-03-16 16:41:15,944 [main] INFO  [qa] [Test_AE05_TC10_Verify_HomePageSubscription] test.HomeTest - ==========================================================================
2026-03-16 16:41:15,968 [main] INFO  [qa] [Test_AE05_TC10_Verify_HomePageSubscription] test.HomeTest - Running, Step:1 - Verify Home page is displayed
2026-03-16 16:41:16,069 [main] INFO  [qa] [Test_AE05_TC10_Verify_HomePageSubscription] test.HomeTest - Running, Step:2 - Scroll down to footer and verify subscription text
2026-03-16 16:41:17,426 [main] INFO  [qa] [Test_AE05_TC10_Verify_HomePageSubscription] test.HomeTest - Running, Step:3 - Enter email and verify text message is displayed
2026-03-16 16:41:23,879 [main] INFO  [qa] [Test_AE05_TC10_Verify_HomePageSubscription] test.HomeTest - =====================End Case: User subscription from Home page=========================
2026-03-16 16:41:23,879 [main] INFO  [qa] [Test_AE05_TC10_Verify_HomePageSubscription] framework.listeners.TestListener - {Test Passed: Test_AE05_TC10_Verify_HomePageSubscription
2026-03-16 16:41:28,251 [main] INFO  [] [] framework.drivers.DriverManager - Closed Browser !!
2026-03-16 16:41:28,252 [main] INFO  [] [] test.HomeTest - Driver Shutdown successful !!
2026-03-16 16:41:28,261 [main] INFO  [] [] framework.drivers.DriverManager - Initiating the Driver.....
2026-03-16 16:41:30,392 [main] INFO  [] [] framework.drivers.DriverManager - Launching Browser. HeadlessMode: false 
2026-03-16 16:41:30,472 [main] INFO  [] [] framework.drivers.DriverManager - Browser context launched
2026-03-16 16:41:31,397 [main] INFO  [] [] framework.drivers.DriverManager - Browser Page opened.
2026-03-16 16:41:37,790 [main] INFO  [] [] framework.drivers.DriverManager - Navigated to Base URL: https://automationexercise.com/
2026-03-16 16:41:37,791 [main] INFO  [] [] test.HomeTest - Initial Setup is completed
2026-03-16 16:41:37,816 [main] INFO  [qa] [Test_AE07_TC25_Verify_HomePageScrollUpArrow_ScrollDown] framework.listeners.TestListener - ----------- Starting Test : Test_AE07_TC25_Verify_HomePageScrollUpArrow_ScrollDown --------------
2026-03-16 16:41:37,817 [main] INFO  [qa] [Test_AE07_TC25_Verify_HomePageScrollUpArrow_ScrollDown] test.HomeTest - =========================================================================================================
2026-03-16 16:41:37,819 [main] INFO  [qa] [Test_AE07_TC25_Verify_HomePageScrollUpArrow_ScrollDown] test.HomeTest - Start, Case:25 - Verify user can successfully Scroll Down and Scroll Up using 'Arrow' button on home page
2026-03-16 16:41:37,827 [main] INFO  [qa] [Test_AE07_TC25_Verify_HomePageScrollUpArrow_ScrollDown] test.HomeTest - =========================================================================================================
2026-03-16 16:41:37,830 [main] INFO  [qa] [Test_AE07_TC25_Verify_HomePageScrollUpArrow_ScrollDown] test.HomeTest - Running, Step:1 - Verify Home page is displayed and Navigate to Products page
2026-03-16 16:41:37,945 [main] INFO  [qa] [Test_AE07_TC25_Verify_HomePageScrollUpArrow_ScrollDown] test.HomeTest - Running, Step:2 - Scroll down to footer and verify subscription text
2026-03-16 16:41:39,209 [main] INFO  [qa] [Test_AE07_TC25_Verify_HomePageScrollUpArrow_ScrollDown] test.HomeTest - Running, Step:3 - Clicking arrow and move upward and verify text ''Full-Fledged practice.....' is visible
2026-03-16 16:41:44,449 [main] INFO  [qa] [Test_AE07_TC25_Verify_HomePageScrollUpArrow_ScrollDown] test.HomeTest - =====================End Case: Verify scroll down and scrollup using arror button=========================
2026-03-16 16:41:44,451 [main] INFO  [qa] [Test_AE07_TC25_Verify_HomePageScrollUpArrow_ScrollDown] framework.listeners.TestListener - {Test Passed: Test_AE07_TC25_Verify_HomePageScrollUpArrow_ScrollDown
2026-03-16 16:41:48,141 [main] INFO  [] [] framework.drivers.DriverManager - Closed Browser !!
2026-03-16 16:41:48,141 [main] INFO  [] [] test.HomeTest - Driver Shutdown successful !!
2026-03-16 16:41:48,147 [main] INFO  [] [] framework.drivers.DriverManager - Initiating the Driver.....
2026-03-16 16:41:50,642 [main] INFO  [] [] framework.drivers.DriverManager - Launching Browser. HeadlessMode: false 
2026-03-16 16:41:50,768 [main] INFO  [] [] framework.drivers.DriverManager - Browser context launched
2026-03-16 16:41:51,990 [main] INFO  [] [] framework.drivers.DriverManager - Browser Page opened.
2026-03-16 16:41:59,405 [main] INFO  [] [] framework.drivers.DriverManager - Navigated to Base URL: https://automationexercise.com/
2026-03-16 16:41:59,406 [main] INFO  [] [] test.HomeTest - Initial Setup is completed
2026-03-16 16:41:59,446 [main] INFO  [qa] [Test_AE07_TC26_Verify_HomePageScrollUpWithoutArrow_ScrollDown] framework.listeners.TestListener - ----------- Starting Test : Test_AE07_TC26_Verify_HomePageScrollUpWithoutArrow_ScrollDown --------------
2026-03-16 16:41:59,452 [main] INFO  [qa] [Test_AE07_TC26_Verify_HomePageScrollUpWithoutArrow_ScrollDown] test.HomeTest - =========================================================================================================
2026-03-16 16:41:59,452 [main] INFO  [qa] [Test_AE07_TC26_Verify_HomePageScrollUpWithoutArrow_ScrollDown] test.HomeTest - Start, Case:26 - Verify user can successfully Scroll Down and Scroll Up using 'Arrow' button on home page
2026-03-16 16:41:59,453 [main] INFO  [qa] [Test_AE07_TC26_Verify_HomePageScrollUpWithoutArrow_ScrollDown] test.HomeTest - =========================================================================================================
2026-03-16 16:41:59,457 [main] INFO  [qa] [Test_AE07_TC26_Verify_HomePageScrollUpWithoutArrow_ScrollDown] test.HomeTest - Running, Step:1 - Verify Home page is displayed and Navigate to Products page
2026-03-16 16:41:59,557 [main] INFO  [qa] [Test_AE07_TC26_Verify_HomePageScrollUpWithoutArrow_ScrollDown] test.HomeTest - Running, Step:2 - Scroll down to footer and verify subscription text
2026-03-16 16:42:00,820 [main] INFO  [qa] [Test_AE07_TC26_Verify_HomePageScrollUpWithoutArrow_ScrollDown] test.HomeTest - Running, Step:3 - Scroll up and verify text ''Full-Fledged practice.....' is visible
2026-03-16 16:42:05,430 [main] INFO  [qa] [Test_AE07_TC26_Verify_HomePageScrollUpWithoutArrow_ScrollDown] test.HomeTest - =====================End Case: Verify scroll down and scrollup=========================
2026-03-16 16:42:05,433 [main] INFO  [qa] [Test_AE07_TC26_Verify_HomePageScrollUpWithoutArrow_ScrollDown] framework.listeners.TestListener - {Test Passed: Test_AE07_TC26_Verify_HomePageScrollUpWithoutArrow_ScrollDown
2026-03-16 16:42:08,887 [main] INFO  [] [] framework.drivers.DriverManager - Closed Browser !!
2026-03-16 16:42:08,887 [main] INFO  [] [] test.HomeTest - Driver Shutdown successful !!
2026-03-16 16:42:08,922 [main] INFO  [] [] framework.drivers.DriverManager - Initiating the Driver.....
2026-03-16 16:42:11,442 [main] INFO  [] [] framework.drivers.DriverManager - Launching Browser. HeadlessMode: false 
2026-03-16 16:42:11,555 [main] INFO  [] [] framework.drivers.DriverManager - Browser context launched
2026-03-16 16:42:12,926 [main] INFO  [] [] framework.drivers.DriverManager - Browser Page opened.
2026-03-16 16:42:18,546 [main] INFO  [] [] framework.drivers.DriverManager - Navigated to Base URL: https://automationexercise.com/
2026-03-16 16:42:18,548 [main] INFO  [] [] test.HomeTest - Initial Setup is completed
2026-03-16 16:42:18,575 [main] INFO  [qa] [Test_AE04_TC22_Verify_RecommendedProducts_AddedtoCart] framework.listeners.TestListener - ----------- Starting Test : Test_AE04_TC22_Verify_RecommendedProducts_AddedtoCart --------------
2026-03-16 16:42:18,577 [main] INFO  [qa] [Test_AE04_TC22_Verify_RecommendedProducts_AddedtoCart] test.HomeTest - =================================================================================
2026-03-16 16:42:18,594 [main] INFO  [qa] [Test_AE04_TC22_Verify_RecommendedProducts_AddedtoCart] test.HomeTest - Start, Case:22 - Verify user can successfully add products from Recommended items
2026-03-16 16:42:18,595 [main] INFO  [qa] [Test_AE04_TC22_Verify_RecommendedProducts_AddedtoCart] test.HomeTest - =================================================================================
2026-03-16 16:42:18,651 [main] INFO  [qa] [Test_AE04_TC22_Verify_RecommendedProducts_AddedtoCart] test.HomeTest - Running, Step:1 - Verify Home page is displayed and Navigate to Products page
2026-03-16 16:42:18,751 [main] INFO  [qa] [Test_AE04_TC22_Verify_RecommendedProducts_AddedtoCart] test.HomeTest - Running, Step:2 - Add recommended products to cart and verify its visible in cart page
2026-03-16 16:42:24,100 [main] INFO  [qa] [Test_AE04_TC22_Verify_RecommendedProducts_AddedtoCart] test.HomeTest - =====================End Case: Added products from recommended items=========================
2026-03-16 16:42:24,103 [main] INFO  [qa] [Test_AE04_TC22_Verify_RecommendedProducts_AddedtoCart] framework.listeners.TestListener - {Test Passed: Test_AE04_TC22_Verify_RecommendedProducts_AddedtoCart
2026-03-16 16:42:27,949 [main] INFO  [] [] framework.drivers.DriverManager - Closed Browser !!
2026-03-16 16:42:27,950 [main] INFO  [] [] test.HomeTest - Driver Shutdown successful !!
2026-03-16 16:42:27,961 [main] INFO  [] [] framework.drivers.DriverManager - Initiating the Driver.....
2026-03-16 16:42:30,076 [main] INFO  [] [] framework.drivers.DriverManager - Launching Browser. HeadlessMode: false 
2026-03-16 16:42:30,098 [main] INFO  [] [] framework.drivers.DriverManager - Browser context launched
2026-03-16 16:42:31,208 [main] INFO  [] [] framework.drivers.DriverManager - Browser Page opened.
2026-03-16 16:42:37,439 [main] INFO  [] [] framework.drivers.DriverManager - Navigated to Base URL: https://automationexercise.com/
2026-03-16 16:42:37,440 [main] INFO  [] [] test.ContactUsTest - Initial Setup is completed
2026-03-16 16:42:37,477 [main] INFO  [qa] [Test_AE02_TC06_Verify_ContactUsForm_Submission] framework.listeners.TestListener - ----------- Starting Test : Test_AE02_TC06_Verify_ContactUsForm_Submission --------------
2026-03-16 16:42:37,478 [main] INFO  [qa] [Test_AE02_TC06_Verify_ContactUsForm_Submission] test.ContactUsTest - ========================================================================================================================
2026-03-16 16:42:37,479 [main] INFO  [qa] [Test_AE02_TC06_Verify_ContactUsForm_Submission] test.ContactUsTest - Start, Case:6 - Verify user is able to click 'Contact Us' button, enter required details and also verify success message
2026-03-16 16:42:37,479 [main] INFO  [qa] [Test_AE02_TC06_Verify_ContactUsForm_Submission] test.ContactUsTest - ========================================================================================================================
2026-03-16 16:42:37,512 [main] INFO  [qa] [Test_AE02_TC06_Verify_ContactUsForm_Submission] test.ContactUsTest - Running, Step:1 - Verify Home page is displayed and Navigate to contact us page
2026-03-16 16:42:39,568 [main] INFO  [qa] [Test_AE02_TC06_Verify_ContactUsForm_Submission] test.ContactUsTest - Running, Step:2 - Submit details in contact us form
2026-03-16 16:42:46,616 [main] INFO  [qa] [Test_AE02_TC06_Verify_ContactUsForm_Submission] test.ContactUsTest - Running, Step:3 - Verify form submitted successfully and navigate back to home page 
2026-03-16 16:42:49,503 [main] INFO  [qa] [Test_AE02_TC06_Verify_ContactUsForm_Submission] test.ContactUsTest - =====================End Case: Contact us form submitted successfully=========================
2026-03-16 16:42:49,504 [main] INFO  [qa] [Test_AE02_TC06_Verify_ContactUsForm_Submission] framework.listeners.TestListener - {Test Passed: Test_AE02_TC06_Verify_ContactUsForm_Submission
2026-03-16 16:42:54,792 [main] INFO  [] [] framework.drivers.DriverManager - Closed Browser !!
2026-03-16 16:42:54,792 [main] INFO  [] [] test.ContactUsTest - Driver Shutdown successful !!
2026-03-16 16:42:54,804 [main] INFO  [] [] framework.drivers.DriverManager - Initiating the Driver.....
2026-03-16 16:42:57,035 [main] INFO  [] [] framework.drivers.DriverManager - Launching Browser. HeadlessMode: false 
2026-03-16 16:42:57,109 [main] INFO  [] [] framework.drivers.DriverManager - Browser context launched
2026-03-16 16:42:58,486 [main] INFO  [] [] framework.drivers.DriverManager - Browser Page opened.
2026-03-16 16:43:04,204 [main] INFO  [] [] framework.drivers.DriverManager - Navigated to Base URL: https://automationexercise.com/
2026-03-16 16:43:04,205 [main] INFO  [] [] test.TestsCaseTest - Initial Setup is completed
2026-03-16 16:43:04,262 [main] INFO  [qa] [Test_AE03_TC07_Verify_TestCase_Display] framework.listeners.TestListener - ----------- Starting Test : Test_AE03_TC07_Verify_TestCase_Display --------------
2026-03-16 16:43:04,270 [main] INFO  [qa] [Test_AE03_TC07_Verify_TestCase_Display] test.TestsCaseTest - =============================================================================================
2026-03-16 16:43:04,270 [main] INFO  [qa] [Test_AE03_TC07_Verify_TestCase_Display] test.TestsCaseTest - Start, Case:7 - Verify user is able to navigate to test cases page and see all the test cases
2026-03-16 16:43:04,270 [main] INFO  [qa] [Test_AE03_TC07_Verify_TestCase_Display] test.TestsCaseTest - =============================================================================================
2026-03-16 16:43:04,291 [main] INFO  [qa] [Test_AE03_TC07_Verify_TestCase_Display] test.TestsCaseTest - Running, Step:1 - Verify Home page is displayed and Navigate to Test Case page
2026-03-16 16:43:06,407 [main] INFO  [qa] [Test_AE03_TC07_Verify_TestCase_Display] test.TestsCaseTest - Running, Step:2 - Validating whether expected titles are matched with Actual titles
2026-03-16 16:43:06,586 [main] INFO  [qa] [Test_AE03_TC07_Verify_TestCase_Display] pages.ae.TestCasePage - Test Case matched: Test Case 1: Register User
2026-03-16 16:43:06,586 [main] INFO  [qa] [Test_AE03_TC07_Verify_TestCase_Display] pages.ae.TestCasePage - Test Case matched: Test Case 2: Login User with correct email and password
2026-03-16 16:43:06,586 [main] INFO  [qa] [Test_AE03_TC07_Verify_TestCase_Display] pages.ae.TestCasePage - Test Case matched: Test Case 3: Login User with incorrect email and password
2026-03-16 16:43:06,587 [main] INFO  [qa] [Test_AE03_TC07_Verify_TestCase_Display] pages.ae.TestCasePage - Test Case matched: Test Case 4: Logout User
2026-03-16 16:43:06,587 [main] INFO  [qa] [Test_AE03_TC07_Verify_TestCase_Display] pages.ae.TestCasePage - Test Case matched: Test Case 5: Register User with existing email
2026-03-16 16:43:06,587 [main] INFO  [qa] [Test_AE03_TC07_Verify_TestCase_Display] pages.ae.TestCasePage - Test Case matched: Test Case 6: Contact Us Form
2026-03-16 16:43:06,587 [main] INFO  [qa] [Test_AE03_TC07_Verify_TestCase_Display] pages.ae.TestCasePage - Test Case matched: Test Case 7: Verify Test Cases Page
2026-03-16 16:43:06,587 [main] INFO  [qa] [Test_AE03_TC07_Verify_TestCase_Display] pages.ae.TestCasePage - Test Case matched: Test Case 8: Verify All Products and product detail page
2026-03-16 16:43:06,588 [main] INFO  [qa] [Test_AE03_TC07_Verify_TestCase_Display] pages.ae.TestCasePage - Test Case matched: Test Case 9: Search Product
2026-03-16 16:43:06,588 [main] INFO  [qa] [Test_AE03_TC07_Verify_TestCase_Display] pages.ae.TestCasePage - Test Case matched: Test Case 10: Verify Subscription in home page
2026-03-16 16:43:06,588 [main] INFO  [qa] [Test_AE03_TC07_Verify_TestCase_Display] pages.ae.TestCasePage - Test Case matched: Test Case 11: Verify Subscription in Cart page
2026-03-16 16:43:06,588 [main] INFO  [qa] [Test_AE03_TC07_Verify_TestCase_Display] pages.ae.TestCasePage - Test Case matched: Test Case 12: Add Products in Cart
2026-03-16 16:43:06,588 [main] INFO  [qa] [Test_AE03_TC07_Verify_TestCase_Display] pages.ae.TestCasePage - Test Case matched: Test Case 13: Verify Product quantity in Cart
2026-03-16 16:43:06,589 [main] INFO  [qa] [Test_AE03_TC07_Verify_TestCase_Display] pages.ae.TestCasePage - Test Case matched: Test Case 14: Place Order: Register while Checkout
2026-03-16 16:43:06,589 [main] INFO  [qa] [Test_AE03_TC07_Verify_TestCase_Display] pages.ae.TestCasePage - Test Case matched: Test Case 15: Place Order: Register before Checkout
2026-03-16 16:43:06,589 [main] INFO  [qa] [Test_AE03_TC07_Verify_TestCase_Display] pages.ae.TestCasePage - Test Case matched: Test Case 16: Place Order: Login before Checkout
2026-03-16 16:43:06,589 [main] INFO  [qa] [Test_AE03_TC07_Verify_TestCase_Display] pages.ae.TestCasePage - Test Case matched: Test Case 17: Remove Products From Cart
2026-03-16 16:43:06,589 [main] INFO  [qa] [Test_AE03_TC07_Verify_TestCase_Display] pages.ae.TestCasePage - Test Case matched: Test Case 18: View Category Products
2026-03-16 16:43:06,589 [main] INFO  [qa] [Test_AE03_TC07_Verify_TestCase_Display] pages.ae.TestCasePage - Test Case matched: Test Case 19: View & Cart Brand Products
2026-03-16 16:43:06,590 [main] INFO  [qa] [Test_AE03_TC07_Verify_TestCase_Display] pages.ae.TestCasePage - Test Case matched: Test Case 20: Search Products and Verify Cart After Login
2026-03-16 16:43:06,590 [main] INFO  [qa] [Test_AE03_TC07_Verify_TestCase_Display] pages.ae.TestCasePage - Test Case matched: Test Case 21: Add review on product
2026-03-16 16:43:06,590 [main] INFO  [qa] [Test_AE03_TC07_Verify_TestCase_Display] pages.ae.TestCasePage - Test Case matched: Test Case 22: Add to cart from Recommended items
2026-03-16 16:43:06,590 [main] INFO  [qa] [Test_AE03_TC07_Verify_TestCase_Display] pages.ae.TestCasePage - Test Case matched: Test Case 23: Verify address details in checkout page
2026-03-16 16:43:06,590 [main] INFO  [qa] [Test_AE03_TC07_Verify_TestCase_Display] pages.ae.TestCasePage - Test Case matched: Test Case 24: Download Invoice after purchase order
2026-03-16 16:43:06,591 [main] INFO  [qa] [Test_AE03_TC07_Verify_TestCase_Display] pages.ae.TestCasePage - Test Case matched: Test Case 25: Verify Scroll Up using 'Arrow' button and Scroll Down functionality
2026-03-16 16:43:06,591 [main] INFO  [qa] [Test_AE03_TC07_Verify_TestCase_Display] pages.ae.TestCasePage - Test Case matched: Test Case 26: Verify Scroll Up without 'Arrow' button and Scroll Down functionality
2026-03-16 16:43:07,226 [main] INFO  [qa] [Test_AE03_TC07_Verify_TestCase_Display] test.TestsCaseTest - =====================End Case: Test Case Page Validation=========================
2026-03-16 16:43:07,226 [main] INFO  [qa] [Test_AE03_TC07_Verify_TestCase_Display] framework.listeners.TestListener - {Test Passed: Test_AE03_TC07_Verify_TestCase_Display
2026-03-16 16:43:09,821 [main] INFO  [] [] framework.drivers.DriverManager - Closed Browser !!
2026-03-16 16:43:09,823 [main] INFO  [] [] test.TestsCaseTest - Driver Shutdown successful !!
2026-03-16 16:43:09,829 [main] INFO  [] [] framework.drivers.DriverManager - Initiating the Driver.....
2026-03-16 16:43:12,165 [main] INFO  [] [] framework.drivers.DriverManager - Launching Browser. HeadlessMode: false 
2026-03-16 16:43:12,266 [main] INFO  [] [] framework.drivers.DriverManager - Browser context launched
2026-03-16 16:43:13,460 [main] INFO  [] [] framework.drivers.DriverManager - Browser Page opened.
2026-03-16 16:43:20,576 [main] INFO  [] [] framework.drivers.DriverManager - Navigated to Base URL: https://automationexercise.com/
2026-03-16 16:43:20,576 [main] INFO  [] [] test.ProductsTest - Initial Setup is completed
2026-03-16 16:43:20,627 [main] INFO  [qa] [Test_AE04_TC08_Verify_click_ProductsLink_viewProductDetails] framework.listeners.TestListener - ----------- Starting Test : Test_AE04_TC08_Verify_click_ProductsLink_viewProductDetails --------------
2026-03-16 16:43:20,629 [main] INFO  [qa] [Test_AE04_TC08_Verify_click_ProductsLink_viewProductDetails] test.ProductsTest - ==========================================================================================================
2026-03-16 16:43:20,631 [main] INFO  [qa] [Test_AE04_TC08_Verify_click_ProductsLink_viewProductDetails] test.ProductsTest - Start, Case:8 - Verify user is able to click 'Products' link, select first product and see product details
2026-03-16 16:43:20,631 [main] INFO  [qa] [Test_AE04_TC08_Verify_click_ProductsLink_viewProductDetails] test.ProductsTest - ==========================================================================================================
2026-03-16 16:43:20,707 [main] INFO  [qa] [Test_AE04_TC08_Verify_click_ProductsLink_viewProductDetails] test.ProductsTest - Running, Step:1 - Verify Home page is displayed and Navigate to Products page
2026-03-16 16:43:24,095 [main] INFO  [qa] [Test_AE04_TC08_Verify_click_ProductsLink_viewProductDetails] test.ProductsTest - Running, Step:2 - Verify Products are listed under All Products page is displayed 
2026-03-16 16:43:25,543 [main] INFO  [qa] [Test_AE04_TC08_Verify_click_ProductsLink_viewProductDetails] test.ProductsTest - Running, Step:3 - Selecting first product and verify product details are visible
2026-03-16 16:43:29,425 [main] INFO  [qa] [Test_AE04_TC08_Verify_click_ProductsLink_viewProductDetails] test.ProductsTest - =====================End Case: View Products=========================
2026-03-16 16:43:29,426 [main] INFO  [qa] [Test_AE04_TC08_Verify_click_ProductsLink_viewProductDetails] framework.listeners.TestListener - {Test Passed: Test_AE04_TC08_Verify_click_ProductsLink_viewProductDetails
2026-03-16 16:43:37,418 [main] INFO  [] [] framework.drivers.DriverManager - Closed Browser !!
2026-03-16 16:43:37,419 [main] INFO  [] [] test.ProductsTest - Driver Shutdown successful !!
2026-03-16 16:43:37,424 [main] INFO  [] [] framework.drivers.DriverManager - Initiating the Driver.....
2026-03-16 16:43:40,010 [main] INFO  [] [] framework.drivers.DriverManager - Launching Browser. HeadlessMode: false 
2026-03-16 16:43:40,052 [main] INFO  [] [] framework.drivers.DriverManager - Browser context launched
2026-03-16 16:43:41,568 [main] INFO  [] [] framework.drivers.DriverManager - Browser Page opened.
2026-03-16 16:43:47,183 [main] INFO  [] [] framework.drivers.DriverManager - Navigated to Base URL: https://automationexercise.com/
2026-03-16 16:43:47,185 [main] INFO  [] [] test.ProductsTest - Initial Setup is completed
2026-03-16 16:43:47,208 [main] INFO  [qa] [Test_AE04_TC09_Verify_ProductsSearch] framework.listeners.TestListener - ----------- Starting Test : Test_AE04_TC09_Verify_ProductsSearch --------------
2026-03-16 16:43:47,209 [main] INFO  [qa] [Test_AE04_TC09_Verify_ProductsSearch] test.ProductsTest - ====================================================================================
2026-03-16 16:43:47,209 [main] INFO  [qa] [Test_AE04_TC09_Verify_ProductsSearch] test.ProductsTest - Start, Case:9 - Verify user is able search products and searched products are listed
2026-03-16 16:43:47,209 [main] INFO  [qa] [Test_AE04_TC09_Verify_ProductsSearch] test.ProductsTest - ====================================================================================
2026-03-16 16:43:47,221 [main] INFO  [qa] [Test_AE04_TC09_Verify_ProductsSearch] test.ProductsTest - Running, Step:1 - Verify Home page is displayed and Navigate to Products page
2026-03-16 16:43:49,589 [main] INFO  [qa] [Test_AE04_TC09_Verify_ProductsSearch] test.ProductsTest - Running, Step:2 - Verify all Products page is displayed 
2026-03-16 16:43:50,807 [main] INFO  [qa] [Test_AE04_TC09_Verify_ProductsSearch] test.ProductsTest - Running, Step:3 - Search product and verify searched products are visible
2026-03-16 16:43:55,420 [main] INFO  [qa] [Test_AE04_TC09_Verify_ProductsSearch] pages.ae.ProductsPage - Products displayed after search: 13
2026-03-16 16:43:55,509 [main] INFO  [qa] [Test_AE04_TC09_Verify_ProductsSearch] pages.ae.ProductsPage - Product found: Blue Top
2026-03-16 16:43:55,509 [main] INFO  [qa] [Test_AE04_TC09_Verify_ProductsSearch] pages.ae.ProductsPage - Product found: Winter Top
2026-03-16 16:43:55,510 [main] INFO  [qa] [Test_AE04_TC09_Verify_ProductsSearch] pages.ae.ProductsPage - Product found: Summer White Top
2026-03-16 16:43:55,510 [main] INFO  [qa] [Test_AE04_TC09_Verify_ProductsSearch] pages.ae.ProductsPage - Product found: Madame Top For Women
2026-03-16 16:43:55,510 [main] INFO  [qa] [Test_AE04_TC09_Verify_ProductsSearch] pages.ae.ProductsPage - Product found: Fancy Green Top
2026-03-16 16:43:55,510 [main] INFO  [qa] [Test_AE04_TC09_Verify_ProductsSearch] pages.ae.ProductsPage - Product found: Sleeves Printed Top - White
2026-03-16 16:43:55,510 [main] INFO  [qa] [Test_AE04_TC09_Verify_ProductsSearch] pages.ae.ProductsPage - Product found: Half Sleeves Top Schiffli Detailing - Pink
2026-03-16 16:43:55,510 [main] INFO  [qa] [Test_AE04_TC09_Verify_ProductsSearch] pages.ae.ProductsPage - Product found: Frozen Tops For Kids
2026-03-16 16:43:55,510 [main] INFO  [qa] [Test_AE04_TC09_Verify_ProductsSearch] pages.ae.ProductsPage - Product found: Full Sleeves Top Cherry - Pink
2026-03-16 16:43:55,510 [main] INFO  [qa] [Test_AE04_TC09_Verify_ProductsSearch] pages.ae.ProductsPage - Product found: Printed Off Shoulder Top - White
2026-03-16 16:43:55,510 [main] INFO  [qa] [Test_AE04_TC09_Verify_ProductsSearch] pages.ae.ProductsPage - Product found: Little Girls Mr. Panda Shirt
2026-03-16 16:43:55,511 [main] INFO  [qa] [Test_AE04_TC09_Verify_ProductsSearch] pages.ae.ProductsPage - Product found: Colour Blocked Shirt – Sky Blue
2026-03-16 16:43:55,511 [main] INFO  [qa] [Test_AE04_TC09_Verify_ProductsSearch] pages.ae.ProductsPage - Product found: Lace Top For Women
2026-03-16 16:43:55,517 [main] INFO  [qa] [Test_AE04_TC09_Verify_ProductsSearch] pages.ae.ProductsPage - Search results displayed successfully for: Tops
2026-03-16 16:43:57,154 [main] INFO  [qa] [Test_AE04_TC09_Verify_ProductsSearch] test.ProductsTest - =====================End Case: Search Products=========================
2026-03-16 16:43:57,160 [main] INFO  [qa] [Test_AE04_TC09_Verify_ProductsSearch] framework.listeners.TestListener - {Test Passed: Test_AE04_TC09_Verify_ProductsSearch
2026-03-16 16:44:00,978 [main] INFO  [] [] framework.drivers.DriverManager - Closed Browser !!
2026-03-16 16:44:00,982 [main] INFO  [] [] test.ProductsTest - Driver Shutdown successful !!
2026-03-16 16:44:01,006 [main] INFO  [] [] framework.drivers.DriverManager - Initiating the Driver.....
2026-03-16 16:44:03,691 [main] INFO  [] [] framework.drivers.DriverManager - Launching Browser. HeadlessMode: false 
2026-03-16 16:44:03,743 [main] INFO  [] [] framework.drivers.DriverManager - Browser context launched
2026-03-16 16:44:05,205 [main] INFO  [] [] framework.drivers.DriverManager - Browser Page opened.
2026-03-16 16:44:10,349 [main] INFO  [] [] framework.drivers.DriverManager - Navigated to Base URL: https://automationexercise.com/
2026-03-16 16:44:10,350 [main] INFO  [] [] test.ProductsTest - Initial Setup is completed
2026-03-16 16:44:10,383 [main] INFO  [qa] [Test_AE04_TC12_Verify_AddProduct_VerifyDetails] framework.listeners.TestListener - ----------- Starting Test : Test_AE04_TC12_Verify_AddProduct_VerifyDetails --------------
2026-03-16 16:44:10,384 [main] INFO  [qa] [Test_AE04_TC12_Verify_AddProduct_VerifyDetails] test.ProductsTest - ====================================================================================
2026-03-16 16:44:10,385 [main] INFO  [qa] [Test_AE04_TC12_Verify_AddProduct_VerifyDetails] test.ProductsTest - Start, Case:12 - Verify user can succesfully add products and see their details
2026-03-16 16:44:10,385 [main] INFO  [qa] [Test_AE04_TC12_Verify_AddProduct_VerifyDetails] test.ProductsTest - ====================================================================================
2026-03-16 16:44:10,437 [main] INFO  [qa] [Test_AE04_TC12_Verify_AddProduct_VerifyDetails] test.ProductsTest - Running, Step:1 - Verify Home page is displayed and navigate to products page
2026-03-16 16:44:12,473 [main] INFO  [qa] [Test_AE04_TC12_Verify_AddProduct_VerifyDetails] test.ProductsTest - Running, Step:2 - Add first product to cart by hovering over
2026-03-16 16:44:17,598 [main] INFO  [qa] [Test_AE04_TC12_Verify_AddProduct_VerifyDetails] test.ProductsTest - Running, Step:3 - Add second product to cart by hovering over
2026-03-16 16:44:21,474 [main] INFO  [qa] [Test_AE04_TC12_Verify_AddProduct_VerifyDetails] test.ProductsTest - Running, Step:4 -  Verify product details like price, quantity and total price in cart page
2026-03-16 16:44:21,990 [main] INFO  [qa] [Test_AE04_TC12_Verify_AddProduct_VerifyDetails] test.ProductsTest - =====================End Case: Add products=========================
2026-03-16 16:44:21,991 [main] INFO  [qa] [Test_AE04_TC12_Verify_AddProduct_VerifyDetails] framework.listeners.TestListener - {Test Passed: Test_AE04_TC12_Verify_AddProduct_VerifyDetails
2026-03-16 16:44:26,000 [main] INFO  [] [] framework.drivers.DriverManager - Closed Browser !!
2026-03-16 16:44:26,000 [main] INFO  [] [] test.ProductsTest - Driver Shutdown successful !!
2026-03-16 16:44:26,006 [main] INFO  [] [] framework.drivers.DriverManager - Initiating the Driver.....
2026-03-16 16:44:28,179 [main] INFO  [] [] framework.drivers.DriverManager - Launching Browser. HeadlessMode: false 
2026-03-16 16:44:28,256 [main] INFO  [] [] framework.drivers.DriverManager - Browser context launched
2026-03-16 16:44:29,658 [main] INFO  [] [] framework.drivers.DriverManager - Browser Page opened.
2026-03-16 16:44:35,008 [main] INFO  [] [] framework.drivers.DriverManager - Navigated to Base URL: https://automationexercise.com/
2026-03-16 16:44:35,008 [main] INFO  [] [] test.ProductsTest - Initial Setup is completed
2026-03-16 16:44:35,021 [main] INFO  [qa] [Test_AE04_TC13_Verify_AddProductwithQuantity4_VerifyDetails] framework.listeners.TestListener - ----------- Starting Test : Test_AE04_TC13_Verify_AddProductwithQuantity4_VerifyDetails --------------
2026-03-16 16:44:35,021 [main] INFO  [qa] [Test_AE04_TC13_Verify_AddProductwithQuantity4_VerifyDetails] test.ProductsTest - ====================================================================================
2026-03-16 16:44:35,022 [main] INFO  [qa] [Test_AE04_TC13_Verify_AddProductwithQuantity4_VerifyDetails] test.ProductsTest - Start, Case:13 - Verify user can successfully add any products with quantity 4
2026-03-16 16:44:35,022 [main] INFO  [qa] [Test_AE04_TC13_Verify_AddProductwithQuantity4_VerifyDetails] test.ProductsTest - ====================================================================================
2026-03-16 16:44:35,023 [main] INFO  [qa] [Test_AE04_TC13_Verify_AddProductwithQuantity4_VerifyDetails] test.ProductsTest - Running, Step:1 - Verify Home page is displayed and navigate to products page
2026-03-16 16:44:37,301 [main] INFO  [qa] [Test_AE04_TC13_Verify_AddProductwithQuantity4_VerifyDetails] test.ProductsTest - Running, Step:2 - Add any product to cart with quantity to 4
2026-03-16 16:44:43,979 [main] INFO  [qa] [Test_AE04_TC13_Verify_AddProductwithQuantity4_VerifyDetails] test.ProductsTest - Running, Step:3 - Verify product is displayed with added quantity in cart page
2026-03-16 16:44:46,046 [main] INFO  [qa] [Test_AE04_TC13_Verify_AddProductwithQuantity4_VerifyDetails] test.ProductsTest - =====================End Case: Add products with Quantity 4=========================
2026-03-16 16:44:46,047 [main] INFO  [qa] [Test_AE04_TC13_Verify_AddProductwithQuantity4_VerifyDetails] framework.listeners.TestListener - {Test Passed: Test_AE04_TC13_Verify_AddProductwithQuantity4_VerifyDetails
2026-03-16 16:44:50,237 [main] INFO  [] [] framework.drivers.DriverManager - Closed Browser !!
2026-03-16 16:44:50,237 [main] INFO  [] [] test.ProductsTest - Driver Shutdown successful !!
2026-03-16 16:44:50,243 [main] INFO  [] [] framework.drivers.DriverManager - Initiating the Driver.....
2026-03-16 16:44:52,514 [main] INFO  [] [] framework.drivers.DriverManager - Launching Browser. HeadlessMode: false 
2026-03-16 16:44:52,545 [main] INFO  [] [] framework.drivers.DriverManager - Browser context launched
2026-03-16 16:44:54,065 [main] INFO  [] [] framework.drivers.DriverManager - Browser Page opened.
2026-03-16 16:45:00,155 [main] INFO  [] [] framework.drivers.DriverManager - Navigated to Base URL: https://automationexercise.com/
2026-03-16 16:45:00,156 [main] INFO  [] [] test.ProductsTest - Initial Setup is completed
2026-03-16 16:45:00,183 [main] INFO  [qa] [Test_AE04_TC18_Verify_ProductNavigation_Categories] framework.listeners.TestListener - ----------- Starting Test : Test_AE04_TC18_Verify_ProductNavigation_Categories --------------
2026-03-16 16:45:00,185 [main] INFO  [qa] [Test_AE04_TC18_Verify_ProductNavigation_Categories] test.ProductsTest - ====================================================================================
2026-03-16 16:45:00,199 [main] INFO  [qa] [Test_AE04_TC18_Verify_ProductNavigation_Categories] test.ProductsTest - Start, Case:18 - Verify user can succesfully naviagte between the product categories
2026-03-16 16:45:00,199 [main] INFO  [qa] [Test_AE04_TC18_Verify_ProductNavigation_Categories] test.ProductsTest - ====================================================================================
2026-03-16 16:45:00,204 [main] INFO  [qa] [Test_AE04_TC18_Verify_ProductNavigation_Categories] test.ProductsTest - Running, Step:1 - Verify Home page is displayed
2026-03-16 16:45:00,301 [main] INFO  [qa] [Test_AE04_TC18_Verify_ProductNavigation_Categories] test.ProductsTest - Running, Step:2 - Verify categories are displayed
2026-03-16 16:45:00,392 [main] INFO  [qa] [Test_AE04_TC18_Verify_ProductNavigation_Categories] pages.ae.HomePage - Category count: 3
2026-03-16 16:45:00,451 [main] INFO  [qa] [Test_AE04_TC18_Verify_ProductNavigation_Categories] pages.ae.HomePage - Brand: WOMEN
2026-03-16 16:45:00,451 [main] INFO  [qa] [Test_AE04_TC18_Verify_ProductNavigation_Categories] pages.ae.HomePage - Brand: MEN
2026-03-16 16:45:00,456 [main] INFO  [qa] [Test_AE04_TC18_Verify_ProductNavigation_Categories] pages.ae.HomePage - Brand: KIDS
2026-03-16 16:45:00,456 [main] INFO  [qa] [Test_AE04_TC18_Verify_ProductNavigation_Categories] test.ProductsTest - Running, Step:3 -  Choosing Women category & sub category 'Dress', Verify category page related to that products are displayed
2026-03-16 16:45:04,042 [main] INFO  [qa] [Test_AE04_TC18_Verify_ProductNavigation_Categories] test.ProductsTest - Running, Step:3 -  Choosing Men category & sub category 'Jeans', Verify category page related to that products are displayed
2026-03-16 16:45:07,117 [main] INFO  [qa] [Test_AE04_TC18_Verify_ProductNavigation_Categories] test.ProductsTest - =====================End Case: View Products based on category=========================
2026-03-16 16:45:07,118 [main] INFO  [qa] [Test_AE04_TC18_Verify_ProductNavigation_Categories] framework.listeners.TestListener - {Test Passed: Test_AE04_TC18_Verify_ProductNavigation_Categories
2026-03-16 16:45:12,722 [main] INFO  [] [] framework.drivers.DriverManager - Closed Browser !!
2026-03-16 16:45:12,723 [main] INFO  [] [] test.ProductsTest - Driver Shutdown successful !!
2026-03-16 16:45:12,727 [main] INFO  [] [] framework.drivers.DriverManager - Initiating the Driver.....
2026-03-16 16:45:15,101 [main] INFO  [] [] framework.drivers.DriverManager - Launching Browser. HeadlessMode: false 
2026-03-16 16:45:15,249 [main] INFO  [] [] framework.drivers.DriverManager - Browser context launched
2026-03-16 16:45:17,549 [main] INFO  [] [] framework.drivers.DriverManager - Browser Page opened.
2026-03-16 16:45:22,864 [main] INFO  [] [] framework.drivers.DriverManager - Navigated to Base URL: https://automationexercise.com/
2026-03-16 16:45:22,866 [main] INFO  [] [] test.ProductsTest - Initial Setup is completed
2026-03-16 16:45:22,893 [main] INFO  [qa] [Test_AE04_TC19_Verify_ProductNavigation_Brands] framework.listeners.TestListener - ----------- Starting Test : Test_AE04_TC19_Verify_ProductNavigation_Brands --------------
2026-03-16 16:45:22,901 [main] INFO  [qa] [Test_AE04_TC19_Verify_ProductNavigation_Brands] test.ProductsTest - ================================================================================
2026-03-16 16:45:22,901 [main] INFO  [qa] [Test_AE04_TC19_Verify_ProductNavigation_Brands] test.ProductsTest - Start, Case:19 - Verify user can succesfully naviagte between the product brands
2026-03-16 16:45:22,901 [main] INFO  [qa] [Test_AE04_TC19_Verify_ProductNavigation_Brands] test.ProductsTest - ================================================================================
2026-03-16 16:45:22,906 [main] INFO  [qa] [Test_AE04_TC19_Verify_ProductNavigation_Brands] test.ProductsTest - Running, Step:1 - Verify Home page is displayed and Navigate to Products page
2026-03-16 16:45:25,488 [main] INFO  [qa] [Test_AE04_TC19_Verify_ProductNavigation_Brands] test.ProductsTest - Running, Step:2 - Verify brands are displayed
2026-03-16 16:45:25,722 [main] INFO  [qa] [Test_AE04_TC19_Verify_ProductNavigation_Brands] pages.ae.ProductsPage - Brand count: 8
2026-03-16 16:45:25,863 [main] INFO  [qa] [Test_AE04_TC19_Verify_ProductNavigation_Brands] pages.ae.ProductsPage - Brand: (6)
POLO
2026-03-16 16:45:25,865 [main] INFO  [qa] [Test_AE04_TC19_Verify_ProductNavigation_Brands] pages.ae.ProductsPage - Brand: (5)
H&M
2026-03-16 16:45:25,865 [main] INFO  [qa] [Test_AE04_TC19_Verify_ProductNavigation_Brands] pages.ae.ProductsPage - Brand: (5)
MADAME
2026-03-16 16:45:25,865 [main] INFO  [qa] [Test_AE04_TC19_Verify_ProductNavigation_Brands] pages.ae.ProductsPage - Brand: (3)
MAST & HARBOUR
2026-03-16 16:45:25,865 [main] INFO  [qa] [Test_AE04_TC19_Verify_ProductNavigation_Brands] pages.ae.ProductsPage - Brand: (4)
BABYHUG
2026-03-16 16:45:25,865 [main] INFO  [qa] [Test_AE04_TC19_Verify_ProductNavigation_Brands] pages.ae.ProductsPage - Brand: (3)
ALLEN SOLLY JUNIOR
2026-03-16 16:45:25,865 [main] INFO  [qa] [Test_AE04_TC19_Verify_ProductNavigation_Brands] pages.ae.ProductsPage - Brand: (3)
KOOKIE KIDS
2026-03-16 16:45:25,865 [main] INFO  [qa] [Test_AE04_TC19_Verify_ProductNavigation_Brands] pages.ae.ProductsPage - Brand: (5)
BIBA
2026-03-16 16:45:25,865 [main] INFO  [qa] [Test_AE04_TC19_Verify_ProductNavigation_Brands] test.ProductsTest - Running, Step:3 - Choose one brand and Verify page and products related to that brand is displayed
2026-03-16 16:45:29,818 [main] INFO  [qa] [Test_AE04_TC19_Verify_ProductNavigation_Brands] test.ProductsTest - Running, Step:4 - Choose second brand and Verify page and products related to that brand is displayed
2026-03-16 16:45:33,080 [main] INFO  [qa] [Test_AE04_TC19_Verify_ProductNavigation_Brands] test.ProductsTest - =====================End Case: View products based on brands=========================
2026-03-16 16:45:33,082 [main] INFO  [qa] [Test_AE04_TC19_Verify_ProductNavigation_Brands] framework.listeners.TestListener - {Test Passed: Test_AE04_TC19_Verify_ProductNavigation_Brands
2026-03-16 16:45:37,885 [main] INFO  [] [] framework.drivers.DriverManager - Closed Browser !!
2026-03-16 16:45:37,885 [main] INFO  [] [] test.ProductsTest - Driver Shutdown successful !!
2026-03-16 16:45:37,889 [main] INFO  [] [] framework.drivers.DriverManager - Initiating the Driver.....
2026-03-16 16:45:40,203 [main] INFO  [] [] framework.drivers.DriverManager - Launching Browser. HeadlessMode: false 
2026-03-16 16:45:40,266 [main] INFO  [] [] framework.drivers.DriverManager - Browser context launched
2026-03-16 16:45:41,772 [main] INFO  [] [] framework.drivers.DriverManager - Browser Page opened.
2026-03-16 16:45:48,126 [main] INFO  [] [] framework.drivers.DriverManager - Navigated to Base URL: https://automationexercise.com/
2026-03-16 16:45:48,127 [main] INFO  [] [] test.ProductsTest - Initial Setup is completed
2026-03-16 16:45:48,162 [main] INFO  [qa] [Test_AE04_TC21_Verify_AddProductsReview] framework.listeners.TestListener - ----------- Starting Test : Test_AE04_TC21_Verify_AddProductsReview --------------
2026-03-16 16:45:48,164 [main] INFO  [qa] [Test_AE04_TC21_Verify_AddProductsReview] test.ProductsTest - =================================================================================
2026-03-16 16:45:48,164 [main] INFO  [qa] [Test_AE04_TC21_Verify_AddProductsReview] test.ProductsTest - Start, Case:21 - Verify user can add review for the selected product successfully
2026-03-16 16:45:48,247 [main] INFO  [qa] [Test_AE04_TC21_Verify_AddProductsReview] test.ProductsTest - =================================================================================
2026-03-16 16:45:48,255 [main] INFO  [qa] [Test_AE04_TC21_Verify_AddProductsReview] test.ProductsTest - Running, Step:1 - Verify Home page is displayed and Navigate to Products page
2026-03-16 16:45:50,070 [main] INFO  [qa] [Test_AE04_TC21_Verify_AddProductsReview] test.ProductsTest - Running, Step:2 -  Verify All products page loaded and click on view product
2026-03-16 16:45:52,825 [main] INFO  [qa] [Test_AE04_TC21_Verify_AddProductsReview] test.ProductsTest - Running, Step:2 -  Add review on the selected product and verify success message
2026-03-16 16:45:58,324 [main] INFO  [qa] [Test_AE04_TC21_Verify_AddProductsReview] test.ProductsTest - =====================End Case: Add review on selected products =========================
2026-03-16 16:45:58,325 [main] INFO  [qa] [Test_AE04_TC21_Verify_AddProductsReview] framework.listeners.TestListener - {Test Passed: Test_AE04_TC21_Verify_AddProductsReview
2026-03-16 16:46:03,167 [main] INFO  [] [] framework.drivers.DriverManager - Closed Browser !!
2026-03-16 16:46:03,167 [main] INFO  [] [] test.ProductsTest - Driver Shutdown successful !!
2026-03-16 16:46:03,182 [main] INFO  [] [] framework.drivers.DriverManager - Initiating the Driver.....
2026-03-16 16:46:05,722 [main] INFO  [] [] framework.drivers.DriverManager - Launching Browser. HeadlessMode: false 
2026-03-16 16:46:05,765 [main] INFO  [] [] framework.drivers.DriverManager - Browser context launched
2026-03-16 16:46:07,251 [main] INFO  [] [] framework.drivers.DriverManager - Browser Page opened.
2026-03-16 16:46:12,939 [main] INFO  [] [] framework.drivers.DriverManager - Navigated to Base URL: https://automationexercise.com/
2026-03-16 16:46:12,940 [main] INFO  [] [] test.CheckOutTest - Initial Setup is completed
2026-03-16 16:46:12,982 [main] INFO  [qa] [Test_AE06_TC14_Verify_Register_While_Checkout] framework.listeners.TestListener - ----------- Starting Test : Test_AE06_TC14_Verify_Register_While_Checkout --------------
2026-03-16 16:46:12,983 [main] INFO  [qa] [Test_AE06_TC14_Verify_Register_While_Checkout] test.CheckOutTest - ===================================================================================================
2026-03-16 16:46:12,983 [main] INFO  [qa] [Test_AE06_TC14_Verify_Register_While_Checkout] test.CheckOutTest - Start, Case:14 - Verify user can successfully register while placing order and delete their account
2026-03-16 16:46:12,983 [main] INFO  [qa] [Test_AE06_TC14_Verify_Register_While_Checkout] test.CheckOutTest - ===================================================================================================
2026-03-16 16:46:13,007 [main] INFO  [qa] [Test_AE06_TC14_Verify_Register_While_Checkout] test.CheckOutTest - Running, Step:1 - Verify Home page is displayed and add products to cart page
2026-03-16 16:46:18,042 [main] INFO  [qa] [Test_AE06_TC14_Verify_Register_While_Checkout] test.CheckOutTest - Running, Step:2 - Click register/login link while trying to checkout and verify navigating to signup page
2026-03-16 16:46:20,688 [main] INFO  [qa] [Test_AE06_TC14_Verify_Register_While_Checkout] test.CheckOutTest - Running, Step: 3 - Entering Signup credentials
2026-03-16 16:46:24,459 [main] INFO  [qa] [Test_AE06_TC14_Verify_Register_While_Checkout] test.CheckOutTest - Running, Step: 4 - Enter user account details
2026-03-16 16:46:31,204 [main] INFO  [qa] [Test_AE06_TC14_Verify_Register_While_Checkout] pages.ae.SignupDetailPage - Checkbox: Newsletter is set to: true
2026-03-16 16:46:31,240 [main] INFO  [qa] [Test_AE06_TC14_Verify_Register_While_Checkout] pages.ae.SignupDetailPage - Checkbox: Special Offers is set to: false
2026-03-16 16:46:46,925 [main] INFO  [qa] [Test_AE06_TC14_Verify_Register_While_Checkout] test.CheckOutTest - Running, Step: 5 - Verify account is created
2026-03-16 16:46:49,067 [main] INFO  [qa] [Test_AE06_TC14_Verify_Register_While_Checkout] test.CheckOutTest - Running, Step: 6 - Logged in as username is visible and able to logout
2026-03-16 16:46:49,185 [main] INFO  [qa] [Test_AE06_TC14_Verify_Register_While_Checkout] test.CheckOutTest - Running, Step: 7 - Navigate to cart page and proceed to checkout
2026-03-16 16:46:53,403 [main] INFO  [qa] [Test_AE06_TC14_Verify_Register_While_Checkout] test.CheckOutTest - Running, Step: 8 - Verify address details and review cart summary
2026-03-16 16:46:54,051 [main] INFO  [qa] [Test_AE06_TC14_Verify_Register_While_Checkout] test.CheckOutTest - Running, Step: 9 - Place order, complete payment and verify order has been confirmed
2026-03-16 16:47:06,603 [main] INFO  [qa] [Test_AE06_TC14_Verify_Register_While_Checkout] test.CheckOutTest - Running, Step: 10 - Delete Account
2026-03-16 16:47:10,386 [main] INFO  [qa] [Test_AE06_TC14_Verify_Register_While_Checkout] test.CheckOutTest - =====================End Case: Register while checkout=========================
2026-03-16 16:47:10,387 [main] INFO  [qa] [Test_AE06_TC14_Verify_Register_While_Checkout] framework.listeners.TestListener - {Test Passed: Test_AE06_TC14_Verify_Register_While_Checkout
2026-03-16 16:47:22,446 [main] INFO  [] [] framework.drivers.DriverManager - Closed Browser !!
2026-03-16 16:47:22,446 [main] INFO  [] [] test.CheckOutTest - Driver Shutdown successful !!
2026-03-16 16:47:22,464 [main] INFO  [] [] framework.drivers.DriverManager - Initiating the Driver.....
2026-03-16 16:47:24,822 [main] INFO  [] [] framework.drivers.DriverManager - Launching Browser. HeadlessMode: false 
2026-03-16 16:47:24,937 [main] INFO  [] [] framework.drivers.DriverManager - Browser context launched
2026-03-16 16:47:26,371 [main] INFO  [] [] framework.drivers.DriverManager - Browser Page opened.
2026-03-16 16:47:32,401 [main] INFO  [] [] framework.drivers.DriverManager - Navigated to Base URL: https://automationexercise.com/
2026-03-16 16:47:32,402 [main] INFO  [] [] test.CheckOutTest - Initial Setup is completed
2026-03-16 16:47:32,422 [main] INFO  [qa] [Test_AE06_TC15_Verify_Register_Before_Checkout] framework.listeners.TestListener - ----------- Starting Test : Test_AE06_TC15_Verify_Register_Before_Checkout --------------
2026-03-16 16:47:32,423 [main] INFO  [qa] [Test_AE06_TC15_Verify_Register_Before_Checkout] test.CheckOutTest - ====================================================================================================
2026-03-16 16:47:32,424 [main] INFO  [qa] [Test_AE06_TC15_Verify_Register_Before_Checkout] test.CheckOutTest - Start, Case:15 - Verify user can successfully register, add products, place order and delete account
2026-03-16 16:47:32,424 [main] INFO  [qa] [Test_AE06_TC15_Verify_Register_Before_Checkout] test.CheckOutTest - ====================================================================================================
2026-03-16 16:47:32,541 [main] INFO  [qa] [Test_AE06_TC15_Verify_Register_Before_Checkout] test.CheckOutTest - Running, Step:1 - Verify Homepage is displayed and Navigate to SignUp page
2026-03-16 16:47:34,373 [main] INFO  [qa] [Test_AE06_TC15_Verify_Register_Before_Checkout] test.CheckOutTest - Running, Step: 2 - Entering Signup credentials
2026-03-16 16:47:38,722 [main] INFO  [qa] [Test_AE06_TC15_Verify_Register_Before_Checkout] test.CheckOutTest - Running, Step: 3 - Enter user account details
2026-03-16 16:47:45,451 [main] INFO  [qa] [Test_AE06_TC15_Verify_Register_Before_Checkout] pages.ae.SignupDetailPage - Checkbox: Newsletter is set to: true
2026-03-16 16:47:45,499 [main] INFO  [qa] [Test_AE06_TC15_Verify_Register_Before_Checkout] pages.ae.SignupDetailPage - Checkbox: Special Offers is set to: false
2026-03-16 16:48:01,266 [main] INFO  [qa] [Test_AE06_TC15_Verify_Register_Before_Checkout] test.CheckOutTest - Running, Step: 4 - Verify account is created
2026-03-16 16:48:03,151 [main] INFO  [qa] [Test_AE06_TC15_Verify_Register_Before_Checkout] test.CheckOutTest - Running, Step: 5 - Logged in as username is visible and able to logout
2026-03-16 16:48:03,305 [main] INFO  [qa] [Test_AE06_TC15_Verify_Register_Before_Checkout] test.CheckOutTest - Running, Step: 6  -Add products to cart and navigate to cart page
2026-03-16 16:48:09,430 [main] INFO  [qa] [Test_AE06_TC15_Verify_Register_Before_Checkout] test.CheckOutTest - Running, Step: 7 -  Proceed to checkout, Verify address details and Review the order
2026-03-16 16:48:11,238 [main] INFO  [qa] [Test_AE06_TC15_Verify_Register_Before_Checkout] test.CheckOutTest - Running, Step: 8 - Place order, complete payment and verify order has been confirmed
2026-03-16 16:48:23,732 [main] INFO  [qa] [Test_AE06_TC15_Verify_Register_Before_Checkout] test.CheckOutTest - Running, Step: 9 - Delete Account
2026-03-16 16:48:27,281 [main] INFO  [qa] [Test_AE06_TC15_Verify_Register_Before_Checkout] test.CheckOutTest - =====================End Case: Register before checkout=========================
2026-03-16 16:48:27,282 [main] INFO  [qa] [Test_AE06_TC15_Verify_Register_Before_Checkout] framework.listeners.TestListener - {Test Passed: Test_AE06_TC15_Verify_Register_Before_Checkout
2026-03-16 16:48:38,307 [main] INFO  [] [] framework.drivers.DriverManager - Closed Browser !!
2026-03-16 16:48:38,307 [main] INFO  [] [] test.CheckOutTest - Driver Shutdown successful !!
2026-03-16 16:48:38,319 [main] INFO  [] [] framework.drivers.DriverManager - Initiating the Driver.....
2026-03-16 16:48:40,485 [main] INFO  [] [] framework.drivers.DriverManager - Launching Browser. HeadlessMode: false 
2026-03-16 16:48:40,512 [main] INFO  [] [] framework.drivers.DriverManager - Browser context launched
2026-03-16 16:48:41,886 [main] INFO  [] [] framework.drivers.DriverManager - Browser Page opened.
2026-03-16 16:48:47,130 [main] INFO  [] [] framework.drivers.DriverManager - Navigated to Base URL: https://automationexercise.com/
2026-03-16 16:48:47,131 [main] INFO  [] [] test.CheckOutTest - Initial Setup is completed
2026-03-16 16:48:47,138 [main] INFO  [qa] [Test_AE06_TC16_Verify_Login_Before_Checkout] framework.listeners.TestListener - ----------- Starting Test : Test_AE06_TC16_Verify_Login_Before_Checkout --------------
2026-03-16 16:48:47,139 [main] INFO  [qa] [Test_AE06_TC16_Verify_Login_Before_Checkout] test.CheckOutTest - ======================================================================================================
2026-03-16 16:48:47,139 [main] INFO  [qa] [Test_AE06_TC16_Verify_Login_Before_Checkout] test.CheckOutTest - Start, Case:16 - Verify user can successfully login add products, place order and delete their account
2026-03-16 16:48:47,139 [main] INFO  [qa] [Test_AE06_TC16_Verify_Login_Before_Checkout] test.CheckOutTest - ======================================================================================================
2026-03-16 16:48:47,143 [main] INFO  [qa] [Test_AE06_TC16_Verify_Login_Before_Checkout] test.CheckOutTest - Running, Step:1 - Verify Homepage is displayed and Navigate to Login page
2026-03-16 16:48:48,952 [main] INFO  [qa] [Test_AE06_TC16_Verify_Login_Before_Checkout] test.CheckOutTest - Running, Step: 2 - Entering Signup credentials
2026-03-16 16:48:52,990 [main] INFO  [qa] [Test_AE06_TC16_Verify_Login_Before_Checkout] test.CheckOutTest - Running, Step: 3 - Enter user account details
2026-03-16 16:48:59,662 [main] INFO  [qa] [Test_AE06_TC16_Verify_Login_Before_Checkout] pages.ae.SignupDetailPage - Checkbox: Newsletter is set to: true
2026-03-16 16:48:59,703 [main] INFO  [qa] [Test_AE06_TC16_Verify_Login_Before_Checkout] pages.ae.SignupDetailPage - Checkbox: Special Offers is set to: false
2026-03-16 16:49:16,005 [main] INFO  [qa] [Test_AE06_TC16_Verify_Login_Before_Checkout] test.CheckOutTest - Running, Step: 4 - Verify account is created
2026-03-16 16:49:18,620 [main] INFO  [qa] [Test_AE06_TC16_Verify_Login_Before_Checkout] test.CheckOutTest - Running, Step: 5 - verify user is able to logout and navigate to login page
2026-03-16 16:49:21,317 [main] INFO  [qa] [Test_AE06_TC16_Verify_Login_Before_Checkout] test.CheckOutTest - Running, Step: 6 - verify Login to your account is visible and enter Email and Password
2026-03-16 16:49:26,367 [main] INFO  [qa] [Test_AE06_TC16_Verify_Login_Before_Checkout] test.CheckOutTest - Running, Step: 7 - Logged in as username is visible
2026-03-16 16:49:26,538 [main] INFO  [qa] [Test_AE06_TC16_Verify_Login_Before_Checkout] test.CheckOutTest - Running, Step: 8  -Add products to cart and navigate to cart page
2026-03-16 16:49:32,109 [main] INFO  [qa] [Test_AE06_TC16_Verify_Login_Before_Checkout] test.CheckOutTest - Running, Step: 9 -  Proceed to checkout, Verify address details and Review the order
2026-03-16 16:49:33,977 [main] INFO  [qa] [Test_AE06_TC16_Verify_Login_Before_Checkout] test.CheckOutTest - Running, Step: 10 - Place order, complete payment and verify order has been confirmed
2026-03-16 16:49:45,721 [main] INFO  [qa] [Test_AE06_TC16_Verify_Login_Before_Checkout] test.CheckOutTest - Running, Step: 11 - Delete Account
2026-03-16 16:49:49,295 [main] INFO  [qa] [Test_AE06_TC16_Verify_Login_Before_Checkout] test.CheckOutTest - =====================End Case: Login before checkout=========================
2026-03-16 16:49:49,296 [main] INFO  [qa] [Test_AE06_TC16_Verify_Login_Before_Checkout] framework.listeners.TestListener - {Test Passed: Test_AE06_TC16_Verify_Login_Before_Checkout
2026-03-16 16:50:02,605 [main] INFO  [] [] framework.drivers.DriverManager - Closed Browser !!
2026-03-16 16:50:02,606 [main] INFO  [] [] test.CheckOutTest - Driver Shutdown successful !!
2026-03-16 16:50:02,618 [main] INFO  [] [] framework.drivers.DriverManager - Initiating the Driver.....
2026-03-16 16:50:05,639 [main] INFO  [] [] framework.drivers.DriverManager - Launching Browser. HeadlessMode: false 
2026-03-16 16:50:05,705 [main] INFO  [] [] framework.drivers.DriverManager - Browser context launched
2026-03-16 16:50:07,062 [main] INFO  [] [] framework.drivers.DriverManager - Browser Page opened.
2026-03-16 16:50:12,167 [main] INFO  [] [] framework.drivers.DriverManager - Navigated to Base URL: https://automationexercise.com/
2026-03-16 16:50:12,204 [main] INFO  [] [] test.CheckOutTest - Initial Setup is completed
2026-03-16 16:50:12,234 [main] INFO  [qa] [Test_AE06_TC23_Verify_Address_CheckoutPage] framework.listeners.TestListener - ----------- Starting Test : Test_AE06_TC23_Verify_Address_CheckoutPage --------------
2026-03-16 16:50:12,234 [main] INFO  [qa] [Test_AE06_TC23_Verify_Address_CheckoutPage] test.CheckOutTest - ==================================================================================================================
2026-03-16 16:50:12,234 [main] INFO  [qa] [Test_AE06_TC23_Verify_Address_CheckoutPage] test.CheckOutTest - Start, Case:23 - Verify user is able to register, log in, add products, checkout, address check and delete account
2026-03-16 16:50:12,234 [main] INFO  [qa] [Test_AE06_TC23_Verify_Address_CheckoutPage] test.CheckOutTest - ==================================================================================================================
2026-03-16 16:50:12,236 [main] INFO  [qa] [Test_AE06_TC23_Verify_Address_CheckoutPage] test.CheckOutTest - Running, Step:1 - Verify Homepage is displayed and Navigate to SignUp page
2026-03-16 16:50:14,435 [main] INFO  [qa] [Test_AE06_TC23_Verify_Address_CheckoutPage] test.CheckOutTest - Running, Step: 2 - Entering Signup credentials
2026-03-16 16:50:18,772 [main] INFO  [qa] [Test_AE06_TC23_Verify_Address_CheckoutPage] test.CheckOutTest - Running, Step: 3 - Enter user account details
2026-03-16 16:50:25,433 [main] INFO  [qa] [Test_AE06_TC23_Verify_Address_CheckoutPage] pages.ae.SignupDetailPage - Checkbox: Newsletter is set to: true
2026-03-16 16:50:25,480 [main] INFO  [qa] [Test_AE06_TC23_Verify_Address_CheckoutPage] pages.ae.SignupDetailPage - Checkbox: Special Offers is set to: false
2026-03-16 16:50:42,572 [main] INFO  [qa] [Test_AE06_TC23_Verify_Address_CheckoutPage] test.CheckOutTest - Running, Step: 4 - Verify account is created
2026-03-16 16:50:44,299 [main] INFO  [qa] [Test_AE06_TC23_Verify_Address_CheckoutPage] test.CheckOutTest - Running, Step: 5 - Logged in as username is visible and able to logout
2026-03-16 16:50:44,710 [main] INFO  [qa] [Test_AE06_TC23_Verify_Address_CheckoutPage] test.CheckOutTest - Running, Step: 6  -Add products to cart and navigate to cart page
2026-03-16 16:50:49,565 [main] INFO  [qa] [Test_AE06_TC23_Verify_Address_CheckoutPage] test.CheckOutTest - Running, Step: 7 -  Proceed to checkout, Verify address details and Review the order
2026-03-16 16:50:52,085 [main] INFO  [qa] [Test_AE06_TC23_Verify_Address_CheckoutPage] test.CheckOutTest - Running, Step: 8 - Delete Account
2026-03-16 16:50:56,253 [main] INFO  [qa] [Test_AE06_TC23_Verify_Address_CheckoutPage] test.CheckOutTest - =====================End Case: Address verification at checkout page=========================
2026-03-16 16:50:56,254 [main] INFO  [qa] [Test_AE06_TC23_Verify_Address_CheckoutPage] framework.listeners.TestListener - {Test Passed: Test_AE06_TC23_Verify_Address_CheckoutPage
2026-03-16 16:51:06,433 [main] INFO  [] [] framework.drivers.DriverManager - Closed Browser !!
2026-03-16 16:51:06,434 [main] INFO  [] [] test.CheckOutTest - Driver Shutdown successful !!
2026-03-16 16:51:06,437 [main] INFO  [] [] framework.drivers.DriverManager - Initiating the Driver.....
2026-03-16 16:51:08,753 [main] INFO  [] [] framework.drivers.DriverManager - Launching Browser. HeadlessMode: false 
2026-03-16 16:51:08,829 [main] INFO  [] [] framework.drivers.DriverManager - Browser context launched
2026-03-16 16:51:10,197 [main] INFO  [] [] framework.drivers.DriverManager - Browser Page opened.
2026-03-16 16:51:15,330 [main] INFO  [] [] framework.drivers.DriverManager - Navigated to Base URL: https://automationexercise.com/
2026-03-16 16:51:15,331 [main] INFO  [] [] test.CheckOutTest - Initial Setup is completed
2026-03-16 16:51:15,348 [main] INFO  [qa] [Test_AE06_TC24_Verify_DownloadInvoice_AfterPurchaseOrder] framework.listeners.TestListener - ----------- Starting Test : Test_AE06_TC24_Verify_DownloadInvoice_AfterPurchaseOrder --------------
2026-03-16 16:51:15,348 [main] INFO  [qa] [Test_AE06_TC24_Verify_DownloadInvoice_AfterPurchaseOrder] test.CheckOutTest - ===============================================================================================================================
2026-03-16 16:51:15,349 [main] INFO  [qa] [Test_AE06_TC24_Verify_DownloadInvoice_AfterPurchaseOrder] test.CheckOutTest - Start, Case:24 - Verify user is able to register while checkout, place order, do payments, download invoice, and delete account
2026-03-16 16:51:15,349 [main] INFO  [qa] [Test_AE06_TC24_Verify_DownloadInvoice_AfterPurchaseOrder] test.CheckOutTest - ===============================================================================================================================
2026-03-16 16:51:15,351 [main] INFO  [qa] [Test_AE06_TC24_Verify_DownloadInvoice_AfterPurchaseOrder] test.CheckOutTest - Running, Step:1 - Verify Home page is displayed and add products to cart page
2026-03-16 16:51:20,163 [main] INFO  [qa] [Test_AE06_TC24_Verify_DownloadInvoice_AfterPurchaseOrder] test.CheckOutTest - Running, Step:2 - Click register/login link while trying to checkout and verify navigating to signup page
2026-03-16 16:51:23,061 [main] INFO  [qa] [Test_AE06_TC24_Verify_DownloadInvoice_AfterPurchaseOrder] test.CheckOutTest - Running, Step: 3 - Entering Signup credentials
2026-03-16 16:51:27,119 [main] INFO  [qa] [Test_AE06_TC24_Verify_DownloadInvoice_AfterPurchaseOrder] test.CheckOutTest - Running, Step: 4 - Enter user account details
2026-03-16 16:51:33,796 [main] INFO  [qa] [Test_AE06_TC24_Verify_DownloadInvoice_AfterPurchaseOrder] pages.ae.SignupDetailPage - Checkbox: Newsletter is set to: true
2026-03-16 16:51:33,834 [main] INFO  [qa] [Test_AE06_TC24_Verify_DownloadInvoice_AfterPurchaseOrder] pages.ae.SignupDetailPage - Checkbox: Special Offers is set to: false
2026-03-16 16:51:49,437 [main] INFO  [qa] [Test_AE06_TC24_Verify_DownloadInvoice_AfterPurchaseOrder] test.CheckOutTest - Running, Step: 5 - Verify account is created
2026-03-16 16:51:51,299 [main] INFO  [qa] [Test_AE06_TC24_Verify_DownloadInvoice_AfterPurchaseOrder] test.CheckOutTest - Running, Step: 6 - Logged in as username is visible and able to logout
2026-03-16 16:51:52,850 [main] INFO  [qa] [Test_AE06_TC24_Verify_DownloadInvoice_AfterPurchaseOrder] test.CheckOutTest - Running, Step: 7 - Navigate to cart page and proceed to checkout
2026-03-16 16:51:56,652 [main] INFO  [qa] [Test_AE06_TC24_Verify_DownloadInvoice_AfterPurchaseOrder] test.CheckOutTest - Running, Step: 8 - Verify address details and review cart summary
2026-03-16 16:51:56,943 [main] INFO  [qa] [Test_AE06_TC24_Verify_DownloadInvoice_AfterPurchaseOrder] test.CheckOutTest - Running, Step: 9 - Place order, complete payment and verify order has been confirmed
2026-03-16 16:52:09,520 [main] INFO  [qa] [Test_AE06_TC24_Verify_DownloadInvoice_AfterPurchaseOrder] test.CheckOutTest - Running, Step: 10 - Download invoice
2026-03-16 16:52:11,100 [main] INFO  [qa] [Test_AE06_TC24_Verify_DownloadInvoice_AfterPurchaseOrder] test.CheckOutTest - Running, Step: 11 - Delete Account
2026-03-16 16:52:14,935 [main] INFO  [qa] [Test_AE06_TC24_Verify_DownloadInvoice_AfterPurchaseOrder] test.CheckOutTest - =====================End Case: Invoice downloaded successfully=========================
2026-03-16 16:52:14,935 [main] INFO  [qa] [Test_AE06_TC24_Verify_DownloadInvoice_AfterPurchaseOrder] framework.listeners.TestListener - {Test Passed: Test_AE06_TC24_Verify_DownloadInvoice_AfterPurchaseOrder
2026-03-16 16:52:27,209 [main] INFO  [] [] framework.drivers.DriverManager - Closed Browser !!
2026-03-16 16:52:27,209 [main] INFO  [] [] test.CheckOutTest - Driver Shutdown successful !!
2026-03-16 16:52:27,217 [main] INFO  [] [] framework.drivers.DriverManager - Initiating the Driver.....
2026-03-16 16:52:29,760 [main] INFO  [] [] framework.drivers.DriverManager - Launching Browser. HeadlessMode: false 
2026-03-16 16:52:29,800 [main] INFO  [] [] framework.drivers.DriverManager - Browser context launched
2026-03-16 16:52:31,036 [main] INFO  [] [] framework.drivers.DriverManager - Browser Page opened.
2026-03-16 16:52:36,503 [main] INFO  [] [] framework.drivers.DriverManager - Navigated to Base URL: https://automationexercise.com/
2026-03-16 16:52:36,509 [main] INFO  [] [] test.CartTest - Initial Setup is completed
2026-03-16 16:52:36,528 [main] INFO  [qa] [Test_AE05_TC11_Verify_CartPageSubscription] framework.listeners.TestListener - ----------- Starting Test : Test_AE05_TC11_Verify_CartPageSubscription --------------
2026-03-16 16:52:36,529 [main] INFO  [qa] [Test_AE05_TC11_Verify_CartPageSubscription] test.CartTest - ==========================================================================
2026-03-16 16:52:36,529 [main] INFO  [qa] [Test_AE05_TC11_Verify_CartPageSubscription] test.CartTest - Start, Case:11 - Verify user can successfully subscribe from the Cart page
2026-03-16 16:52:36,529 [main] INFO  [qa] [Test_AE05_TC11_Verify_CartPageSubscription] test.CartTest - ==========================================================================
2026-03-16 16:52:36,531 [main] INFO  [qa] [Test_AE05_TC11_Verify_CartPageSubscription] test.CartTest - Running, Step:1 - Verify Home page is displayed and Navigate to Products page
2026-03-16 16:52:39,131 [main] INFO  [qa] [Test_AE05_TC11_Verify_CartPageSubscription] test.CartTest - Running, Step:2 - Scroll down to footer and verify subscription text
2026-03-16 16:52:40,322 [main] INFO  [qa] [Test_AE05_TC11_Verify_CartPageSubscription] test.CartTest - Running, Step:3 - Enter email and verify text message is displayed
2026-03-16 16:52:42,882 [main] INFO  [qa] [Test_AE05_TC11_Verify_CartPageSubscription] test.CartTest - =====================End Case: User subscription from cart page=========================
2026-03-16 16:52:42,883 [main] INFO  [qa] [Test_AE05_TC11_Verify_CartPageSubscription] framework.listeners.TestListener - {Test Passed: Test_AE05_TC11_Verify_CartPageSubscription
2026-03-16 16:52:45,529 [main] INFO  [] [] framework.drivers.DriverManager - Closed Browser !!
2026-03-16 16:52:45,531 [main] INFO  [] [] test.CartTest - Driver Shutdown successful !!
2026-03-16 16:52:45,543 [main] INFO  [] [] framework.drivers.DriverManager - Initiating the Driver.....
2026-03-16 16:52:47,719 [main] INFO  [] [] framework.drivers.DriverManager - Launching Browser. HeadlessMode: false 
2026-03-16 16:52:47,867 [main] INFO  [] [] framework.drivers.DriverManager - Browser context launched
2026-03-16 16:52:49,234 [main] INFO  [] [] framework.drivers.DriverManager - Browser Page opened.
2026-03-16 16:52:54,817 [main] INFO  [] [] framework.drivers.DriverManager - Navigated to Base URL: https://automationexercise.com/
2026-03-16 16:52:54,818 [main] INFO  [] [] test.CartTest - Initial Setup is completed
2026-03-16 16:52:54,852 [main] INFO  [qa] [Test_AE04_TC17_Verify_Products_AddRemove] framework.listeners.TestListener - ----------- Starting Test : Test_AE04_TC17_Verify_Products_AddRemove --------------
2026-03-16 16:52:54,853 [main] INFO  [qa] [Test_AE04_TC17_Verify_Products_AddRemove] test.CartTest - =====================================================================
2026-03-16 16:52:54,853 [main] INFO  [qa] [Test_AE04_TC17_Verify_Products_AddRemove] test.CartTest - Start, Case:17 - Verify user can successfully add and remove products
2026-03-16 16:52:54,853 [main] INFO  [qa] [Test_AE04_TC17_Verify_Products_AddRemove] test.CartTest - =====================================================================
2026-03-16 16:52:54,860 [main] INFO  [qa] [Test_AE04_TC17_Verify_Products_AddRemove] test.CartTest - Running, Step:1 - Verify Home page is displayed and add products to cart
2026-03-16 16:52:58,540 [main] INFO  [qa] [Test_AE04_TC17_Verify_Products_AddRemove] test.CartTest - Running, Step:2 - Verify cart page is displayed and remove products from cart
2026-03-16 16:53:01,600 [main] INFO  [qa] [Test_AE04_TC17_Verify_Products_AddRemove] test.CartTest - =====================End Case: Successfully removed products=========================
2026-03-16 16:53:01,607 [main] INFO  [qa] [Test_AE04_TC17_Verify_Products_AddRemove] framework.listeners.TestListener - {Test Passed: Test_AE04_TC17_Verify_Products_AddRemove
2026-03-16 16:53:05,210 [main] INFO  [] [] framework.drivers.DriverManager - Closed Browser !!
2026-03-16 16:53:05,211 [main] INFO  [] [] test.CartTest - Driver Shutdown successful !!
2026-03-16 16:53:05,214 [main] INFO  [] [] framework.drivers.DriverManager - Initiating the Driver.....
2026-03-16 16:53:07,445 [main] INFO  [] [] framework.drivers.DriverManager - Launching Browser. HeadlessMode: false 
2026-03-16 16:53:07,564 [main] INFO  [] [] framework.drivers.DriverManager - Browser context launched
2026-03-16 16:53:08,920 [main] INFO  [] [] framework.drivers.DriverManager - Browser Page opened.
2026-03-16 16:53:14,634 [main] INFO  [] [] framework.drivers.DriverManager - Navigated to Base URL: https://automationexercise.com/
2026-03-16 16:53:14,634 [main] INFO  [] [] test.CartTest - Initial Setup is completed
2026-03-16 16:53:14,699 [main] INFO  [qa] [Test_AE04_TC20_Verify_AddProducts_Login_ViewCart] framework.listeners.TestListener - ----------- Starting Test : Test_AE04_TC20_Verify_AddProducts_Login_ViewCart --------------
2026-03-16 16:53:14,700 [main] INFO  [qa] [Test_AE04_TC20_Verify_AddProducts_Login_ViewCart] test.CartTest - ======================================================================================================
2026-03-16 16:53:14,700 [main] INFO  [qa] [Test_AE04_TC20_Verify_AddProducts_Login_ViewCart] test.CartTest - Start, Case:20 - Verify user is able to add products, login and view selected products again cart page
2026-03-16 16:53:14,700 [main] INFO  [qa] [Test_AE04_TC20_Verify_AddProducts_Login_ViewCart] test.CartTest - ======================================================================================================
2026-03-16 16:53:14,718 [main] INFO  [qa] [Test_AE04_TC20_Verify_AddProducts_Login_ViewCart] test.CartTest - Running, Step:1 - Verify Home page is displayed and navigate to products page
2026-03-16 16:53:16,464 [main] INFO  [qa] [Test_AE04_TC20_Verify_AddProducts_Login_ViewCart] test.CartTest - Running, Step:2 - Verify all Products page is displayed 
2026-03-16 16:53:16,648 [main] INFO  [qa] [Test_AE04_TC20_Verify_AddProducts_Login_ViewCart] test.CartTest - Running, Step:3 - Search product and verify searched products are visible
2026-03-16 16:53:21,080 [main] INFO  [qa] [Test_AE04_TC20_Verify_AddProducts_Login_ViewCart] pages.ae.ProductsPage - Products displayed after search: 3
2026-03-16 16:53:21,143 [main] INFO  [qa] [Test_AE04_TC20_Verify_AddProducts_Login_ViewCart] pages.ae.ProductsPage - Product found: Soft Stretch Jeans
2026-03-16 16:53:21,143 [main] INFO  [qa] [Test_AE04_TC20_Verify_AddProducts_Login_ViewCart] pages.ae.ProductsPage - Product found: Regular Fit Straight Jeans
2026-03-16 16:53:21,145 [main] INFO  [qa] [Test_AE04_TC20_Verify_AddProducts_Login_ViewCart] pages.ae.ProductsPage - Product found: Grunt Blue Slim Fit Jeans
2026-03-16 16:53:21,145 [main] INFO  [qa] [Test_AE04_TC20_Verify_AddProducts_Login_ViewCart] pages.ae.ProductsPage - Search results displayed successfully for: Jean
2026-03-16 16:53:21,145 [main] INFO  [qa] [Test_AE04_TC20_Verify_AddProducts_Login_ViewCart] test.CartTest - Running, Step:4 - Verify searched products are added to cart and visible in cart
2026-03-16 16:53:33,177 [main] INFO  [qa] [Test_AE04_TC20_Verify_AddProducts_Login_ViewCart] pages.ae.CartPage - List of products in cart: Soft Stretch Jeans
2026-03-16 16:53:33,195 [main] INFO  [qa] [Test_AE04_TC20_Verify_AddProducts_Login_ViewCart] pages.ae.CartPage - List of products in cart: Regular Fit Straight Jeans
2026-03-16 16:53:33,211 [main] INFO  [qa] [Test_AE04_TC20_Verify_AddProducts_Login_ViewCart] pages.ae.CartPage - List of products in cart: Grunt Blue Slim Fit Jeans
2026-03-16 16:53:33,211 [main] INFO  [qa] [Test_AE04_TC20_Verify_AddProducts_Login_ViewCart] test.CartTest - =====================End Case: Add products, Login and View products in cart=========================
2026-03-16 16:53:33,211 [main] INFO  [qa] [Test_AE04_TC20_Verify_AddProducts_Login_ViewCart] framework.listeners.TestListener - {Test Passed: Test_AE04_TC20_Verify_AddProducts_Login_ViewCart
2026-03-16 16:53:38,471 [main] INFO  [] [] framework.drivers.DriverManager - Closed Browser !!
2026-03-16 16:53:38,471 [main] INFO  [] [] test.CartTest - Driver Shutdown successful !!
2026-03-16 16:53:38,548 [main] INFO  [] [] framework.listeners.TestListener - ===================XXXXXXXXXXXXXXXXXXXXXXXX=================
2026-03-16 16:53:38,548 [main] INFO  [] [] framework.listeners.TestListener - Finished Suite: PW_AE_Demo
2026-03-16 16:53:38,548 [main] INFO  [] [] framework.listeners.TestListener - =============================================================
